Site Name,Zone
Bancroft,Saginaw/Mid-Michigan
Bay City,Saginaw/Mid-Michigan
Burnside,Thumb Area
Byron Center,Grand Rapids Area
Cass City,Thumb Area
Dansville,Lansing Area
Detroit,Detroit Area
Fenton,Detroit Area
Frankenmuth,Saginaw/Mid-Michigan
Grand Rapids,Grand Rapids Area
Grass Lake,Ann Arbor Area
Hackleburg,Northern Michigan
Hamilton,Grand Rapids Area
James TWP,Saginaw/Mid-Michigan
Lansing,Lansing Area
Lincoln,Northern Michigan
Lowell,Grand Rapids Area
Mayville,Thumb Area
Midland,Saginaw/Mid-Michigan
Mio,Northern Michigan
Muskegon,Grand Rapids Area
Morley,Grand Rapids Area
Mt.Clemens,Detroit Area
Novi,Detroit Area
Pinconning,Saginaw/Mid-Michigan
Southgate,Detroit Area
Shepherd,Saginaw/Mid-Michigan
West Olive,Grand Rapids Area
