Location,Name,Frequency,Duplex,Offset,Tone,rToneFreq,cToneFreq,DtcsCode,DtcsPolarity,RxDtcsCode,CrossMode,Mode,TStep,Skip,Power,Comment,URCALL,RPT1CALL,RPT2CALL,DVCODE
0,Universal Manufacturing,443.675000,+,5.000000,TSQL,88.5,131.8,023,NN,023,Tone->Tone,DN,5.00,,50W,"N8PBX near Clinton, Macomb County, Michigan OPEN YSF Reflector 88240 ZOMBIE-ALERT",,,,
1,KC8UMP,443.625000,+,5.000000,TSQL,88.5,151.4,023,NN,023,Tone->Tone,FM,5.00,,50W,"KC8UMP near Mount Clemens, Macomb County, Michigan OPEN",,,,
2,KD8EYF,443.950000,+,5.000000,,88.5,88.5,023,NN,023,Tone->Tone,DMR,5.00,,50W,"KD8EYF near Mount Clemens, Macomb County, Michigan OPEN c-Bridge partner with DMR-MARC",,,,
3,WA8MAC,147.200000,+,0.600000,TSQL,88.5,100.0,023,NN,023,Tone->Tone,FM,5.00,,50W,"WA8MAC near Mount Clemens, Macomb County, Michigan OPEN",,,,
4,KA8DCJ,442.850000,+,5.000000,Tone,103.5,88.5,023,NN,023,Tone->Tone,FM,5.00,,50W,"KA8DCJ near Harrison, Clare County, Michigan OPEN",,,,
5,K8UO,444.775000,+,5.000000,TSQL,88.5,123.0,023,NN,023,Tone->Tone,DN,5.00,,50W,"K8UO near Mount Clemens, Macomb County, Michigan OPEN",,,,
6,K8UO,147.180000,+,0.600000,TSQL,88.5,100.0,023,NN,023,Tone->Tone,FM,5.00,,50W,"K8UO near Utica, Macomb County, Michigan OPEN",,,,
7,N8LC,147.080000,+,0.600000,Tone,100.0,88.5,023,NN,023,Tone->Tone,FM,5.00,,50W,"N8LC near Sterling Heights, Macomb County, Michigan OPEN",,,,
8,N8LC,442.925000,+,5.000000,,88.5,88.5,023,NN,023,Tone->Tone,DN,5.00,,50W,"N8LC near Sterling Heights, Macomb County, Michigan OPEN",,,,
9,K8FBI,442.075000,+,5.000000,TSQL,88.5,123.0,023,NN,023,Tone->Tone,FM,5.00,,50W,"K8FBI near Romeo, Macomb County, Michigan OPEN",,,,
10,K8FBI,442.225000,+,5.000000,TSQL,88.5,123.0,023,NN,023,Tone->Tone,FM,5.00,,50W,"K8FBI near Richmond, Macomb County, Michigan OPEN",,,,
11,N8EDV,147.220000,+,0.600000,Tone,100.0,88.5,023,NN,023,Tone->Tone,FM,5.00,,50W,"N8EDV near Roseville, Macomb County, Michigan OPEN",,,,
12,WA8BRO,147.450000,,0.000000,,88.5,88.5,023,NN,023,Tone->Tone,DN,5.00,,50W,"WA8BRO near Oakland, Oakland County, Michigan OPEN Primarily Connected to WA8BRO Warren, MI - Fusion Machine on Room #01841  Affiliated with KA8WYN 443.550 Warren, MI 107.2PL",,,,
13,K8FBI,442.600000,+,5.000000,TSQL,88.5,123.0,023,NN,023,Tone->Tone,FM,5.00,,50W,"K8FBI near Warren, Macomb County, Michigan OPEN",,,,
14,WA8BRO,442.037500,+,5.000000,,88.5,88.5,023,NN,023,Tone->Tone,DMR,12.50,,50W,"WA8BRO near Warren, Macomb County, Michigan OPEN DMR 313530 Repeater, linked to Fusion Repeater, Base Room #01946 - WA8BRO CQ-Michigan - Backyard Repeater Owners of America FUSION, Digital Only Linked to BM TG3198726. CQ-MICHIGAN, Dstar REF089C",,,,
15,KA8WYN,443.550000,+,5.000000,Tone,107.2,88.5,023,NN,023,Tone->Tone,FM,5.00,,50W,"KA8WYN near Warren, Macomb County, Michigan OPEN",,,,
16,PNC Bank Bldg,147.140000,+,0.600000,Tone,100.0,88.5,023,NN,023,Tone->Tone,FM,5.00,,50W,"N8KD near Troy, Oakland County, Michigan OPEN",,,,
17,W8VPC,441.500000,+,5.000000,,88.5,88.5,023,NN,023,Tone->Tone,DMR,5.00,,50W,"W8VPC near Royal Oak, Oakland County, Michigan OPEN",,,,
18,K8DXA,145.130000,-,0.600000,,88.5,88.5,023,NN,023,Tone->Tone,DV,5.00,,50W,"K8DXA near Lake Orion, Oakland County, Michigan OPEN",,,,
19,K8DXA,444.262500,+,5.000000,,88.5,88.5,023,NN,023,Tone->Tone,DV,12.50,,50W,"K8DXA near Lake Orion, Oakland County, Michigan OPEN",,,,
20,W8VPC,446.120000,,0.000000,TSQL,88.5,103.5,023,NN,023,Tone->Tone,FM,5.00,,50W,"W8VPC near Royal Oak, Oakland County, Michigan OPEN",,,,
21,W8IRS,444.225000,+,5.000000,,88.5,88.5,023,NN,023,Tone->Tone,DN,5.00,,50W,"W8IRS near Grosse Pointe Farms, Wayne County, Michigan OPEN",,,,
22,W8OAK,146.900000,-,0.600000,TSQL,88.5,100.0,023,NN,023,Tone->Tone,FM,5.00,,50W,"W8OAK near Pontiac, Oakland County, Michigan OPEN",,,,
23,W8OAK,444.462500,+,5.000000,,88.5,88.5,023,NN,023,Tone->Tone,DMR,12.50,,50W,"W8OAK near Pontiac, Oakland County, Michigan OPEN This is a stand-alone repeater that is not networked at this time.",,,,
24,W8HP,443.225000,+,5.000000,TSQL,88.5,107.2,023,NN,023,Tone->Tone,FM,5.00,,50W,"W8HP near Beverly Hills, Oakland County, Michigan OPEN",,,,
25,W8HP,146.640000,-,0.600000,TSQL,88.5,100.0,023,NN,023,Tone->Tone,FM,5.00,,50W,"W8HP near Oak Park, Oakland County, Michigan OPEN",,,,
26,AA8GK,443.825000,+,5.000000,,88.5,88.5,023,NN,023,Tone->Tone,DN,5.00,,50W,"AA8GK near Bloomfield, Oakland County, Michigan OPEN Hotspot users: Connect to YSF Reflector 88240, using mode Digital Narrow (DN).",,,,
27,W8CMC,443.725000,+,5.000000,TSQL,88.5,107.2,023,NN,023,Tone->Tone,FM,5.00,,50W,"W8CMC near Detroit, Wayne County, Michigan OPEN",,,,
28,Power plant,147.320000,+,0.600000,TSQL,88.5,167.9,023,NN,023,Tone->Tone,FM,5.00,,50W,"K8SCC near Belle River, Saint Clair County, Michigan OPEN",,,,
29,W5TH,444.625000,+,5.000000,,88.5,88.5,023,NN,023,Tone->Tone,FM,5.00,,50W,"W5TH near Southfield, Oakland County, Michigan CLOSED",,,,
30,KE8HR,146.760000,-,0.600000,TSQL,88.5,100.0,023,NN,023,Tone->Tone,DN,5.00,,50W,"KE8HR near Southfield, Oakland County, Michigan OPEN",,,,
31,K8PLW,51.840000,-,0.500000,TSQL,88.5,100.0,023,NN,023,Tone->Tone,FM,5.00,,50W,"K8PLW near Detroit, Wayne County, Michigan OPEN",,,,
32,W8DET,145.110000,-,0.600000,TSQL,88.5,100.0,023,NN,023,Tone->Tone,FM,5.00,,50W,"W8DET near Detroit, Wayne County, Michigan OPEN",,,,
33,K8PLW,442.100000,+,5.000000,TSQL,88.5,107.2,023,NN,023,Tone->Tone,FM,5.00,,50W,"K8PLW near Detroit, Wayne County, Michigan OPEN",,,,
34,W8CMC,444.675000,+,5.000000,,88.5,88.5,023,NN,023,Tone->Tone,DMR,5.00,,50W,"W8CMC near Detroit, Wayne County, Michigan OPEN",,,,
35,WB8ARC,442.500000,+,5.000000,TSQL,88.5,123.0,023,NN,023,Tone->Tone,FM,5.00,,50W,"WB8ARC near West Bloomfield, Oakland County, Michigan OPEN",,,,
36,K9DPD,442.537500,+,5.000000,,88.5,88.5,023,NN,023,Tone->Tone,DMR,12.50,,50W,"K9DPD near Detroit, Wayne County, Michigan OPEN",,,,
37,KC8LTS,442.175000,+,5.000000,TSQL,88.5,123.0,023,NN,023,Tone->Tone,FM,5.00,,50W,"KC8LTS near Detroit, Wayne County, Michigan OPEN",,,,
38,KE8HR,444.000000,+,5.000000,,88.5,88.5,023,NN,023,Tone->Tone,DMR,5.00,,50W,"KE8HR near Detroit, Wayne County, Michigan OPEN",,,,
39,DTE Energy Bldg,145.330000,-,0.600000,TSQL,88.5,100.0,023,NN,023,Tone->Tone,FM,5.00,,50W,"WR8DAR near Detroit, Wayne County, Michigan OPEN",,,,
40,WR8DAR,443.475000,+,5.000000,TSQL,88.5,88.5,023,NN,023,Tone->Tone,FM,5.00,,50W,"WR8DAR near Detroit, Wayne County, Michigan OPEN",,,,
41,Renaissance Center,145.210000,-,0.600000,TSQL,88.5,123.0,023,NN,023,Tone->Tone,DN,5.00,,50W,"WW8GM near Detroit, Wayne County, Michigan OPEN",,,,
42,Renaissance Center,443.075000,+,5.000000,TSQL,88.5,123.0,023,NN,023,Tone->Tone,FM,5.00,,50W,"WW8GM near Detroit, Wayne County, Michigan OPEN",,,,
43,W8JWB,146.840000,-,0.600000,Tone,100.0,88.5,023,NN,023,Tone->Tone,DN,5.00,,50W,"W8JWB near Clarkston, Oakland County, Michigan OPEN",,,,
44,NA8I,146.460000,,0.000000,,88.5,88.5,023,NN,023,Tone->Tone,FM,5.00,,50W,"NA8I near Port Huron, Saint Clair County, Michigan OPEN",,,,
45,WO0O,146.720000,-,0.600000,TSQL,88.5,186.2,023,NN,023,Tone->Tone,FM,5.00,,50W,"WO0O near Port Huron Twp, Saint Clair County, Michigan OPEN",,,,
46,Water Tower,444.900000,+,5.000000,TSQL,88.5,131.8,023,NN,023,Tone->Tone,FM,5.00,,50W,"KE8JNF near Port Huron Twp, Saint Clair County, Michigan OPEN K8WMW &lt;SK&gt; Memorial Repeater",,,,
47,K8PLW,442.700000,+,5.000000,TSQL,88.5,107.2,023,NN,023,Tone->Tone,FM,5.00,,50W,"K8PLW near Livonia, Wayne County, Michigan OPEN",,,,
48,WR8DAR,147.160000,+,0.600000,Tone,100.0,88.5,023,NN,023,Tone->Tone,FM,5.00,,50W,"WR8DAR near Dearborn, Wayne County, Michigan OPEN REPEATER DOWN FOR SEVERAL WEEKS NOW (9-14-2022)",,,,
49,WR8DAR,442.800000,+,5.000000,TSQL,88.5,107.2,023,NN,023,Tone->Tone,FM,5.00,,50W,"WR8DAR near Dearborn, Wayne County, Michigan OPEN",,,,
50,Greenwood Energy Center,147.300000,+,0.600000,TSQL,88.5,192.8,023,NN,023,Tone->Tone,FM,5.00,,50W,"K8DD near Avoca, Saint Clair County, Michigan OPEN Repeater has no hang time!",,,,
51,K8UNS,145.350000,-,0.600000,Tone,100.0,88.5,023,NN,023,Tone->Tone,FM,5.00,,50W,"K8UNS near Livonia, Wayne County, Michigan OPEN",,,,
52,K8PLW,224.840000,-,1.600000,Tone,100.0,88.5,023,NN,023,Tone->Tone,FM,5.00,,50W,"K8PLW near Livonia, Wayne County, Michigan OPEN",,,,
53,K8UNS,444.875000,+,5.000000,,88.5,88.5,023,NN,023,Tone->Tone,DV,5.00,,50W,"K8UNS near Livonia, Wayne County, Michigan OPEN",,,,
54,W8LAP,146.620000,-,0.600000,Tone,100.0,88.5,023,NN,023,Tone->Tone,FM,5.00,,50W,"W8LAP near Lapeer, Lapeer County, Michigan OPEN",,,,
55,W8LAP,442.750000,+,5.000000,,88.5,88.5,023,NN,023,Tone->Tone,DV,5.00,,50W,"W8LAP near Lapeer, Lapeer County, Michigan OPEN",,,,
56,N8ERV,443.300000,+,5.000000,TSQL,88.5,100.0,023,NN,023,Tone->Tone,FM,5.00,,50W,"N8ERV near Yale, Saint Clair County, Michigan OPEN",,,,
57,KC8LTS,442.212500,+,5.000000,,88.5,88.5,023,NN,023,Tone->Tone,DMR,12.50,,50W,"KC8LTS near Novi, Oakland County, Michigan OPEN c-Bridge partner with DMR-MARC",,,,
58,N8OVI,444.800000,+,5.000000,TSQL,88.5,110.9,023,NN,023,Tone->Tone,FM,5.00,,50W,"N8OVI near Novi, Oakland County, Michigan OPEN",,,,
59,KK8GC,146.860000,-,0.600000,Tone,100.0,88.5,023,NN,023,Tone->Tone,FM,5.00,,50W,"KK8GC near Garden City, Wayne County, Michigan OPEN",,,,
60,AC8IL,145.250000,-,0.600000,TSQL,88.5,100.0,023,NN,023,Tone->Tone,FM,5.00,,50W,"AC8IL near Wixom, Oakland County, Michigan OPEN",,,,
61,WR8DAR,443.100000,+,5.000000,TSQL,88.5,82.5,023,NN,023,Tone->Tone,FM,5.00,,50W,"WR8DAR near Northville, Wayne County, Michigan OPEN",,,,
62,K8WX,443.150000,+,5.000000,TSQL,88.5,107.2,023,NN,023,Tone->Tone,FM,5.00,,50W,"K8WX near Northville, Wayne County, Michigan OPEN",,,,
63,WY8DOT,147.240000,+,0.600000,TSQL,88.5,100.0,023,NN,023,Tone->Tone,FM,5.00,,50W,"WY8DOT near Wyandotte, Wayne County, Michigan OPEN",,,,
64,KC8LTS,443.325000,+,5.000000,,88.5,88.5,023,NN,023,Tone->Tone,DMR,5.00,,50W,"KC8LTS near Southgate, Wayne County, Michigan OPEN c--Bridge partner with DMR-MARC",,,,
65,W8DTW,145.170000,-,0.600000,,88.5,88.5,023,NN,023,Tone->Tone,DV,5.00,,50W,"W8DTW near Westland, Wayne County, Michigan OPEN",,,,
66,N8DJP,443.125000,+,5.000000,Tone,107.2,88.5,023,NN,023,Tone->Tone,FM,5.00,,50W,"N8DJP near Westland, Wayne County, Michigan OPEN",,,,
67,W8DTW,444.725000,+,5.000000,,88.5,88.5,023,NN,023,Tone->Tone,DV,5.00,,50W,"W8DTW near Westland, Wayne County, Michigan OPEN",,,,
68,W8FSM,224.620000,-,1.600000,TSQL,88.5,100.0,023,NN,023,Tone->Tone,FM,5.00,,50W,"W8FSM near Holly, Oakland County, Michigan OPEN",,,,
69,W8FSM,442.350000,+,5.000000,TSQL,88.5,107.2,023,NN,023,Tone->Tone,FM,5.00,,50W,"W8FSM near Holly, Oakland County, Michigan OPEN",,,,
70,N8ZPJ,444.900000,+,5.000000,Tone,107.2,88.5,023,NN,023,Tone->Tone,FM,5.00,,50W,"N8ZPJ near Grosse Ile, Wayne County, Michigan OPEN",,,,
71,,224.560000,-,1.600000,,88.5,88.5,023,NN,023,Tone->Tone,FM,5.00,,50W,"near Davison, Genesee County, Michigan OPEN",,,,
72,W8TX,442.275000,+,5.000000,Tone,107.2,88.5,023,NN,023,Tone->Tone,FM,5.00,,50W,"W8TX near Romulus, Wayne County, Michigan OPEN",,,,
73,Water Tower,147.040000,+,0.600000,TSQL,88.5,110.9,023,NN,023,Tone->Tone,FM,5.00,,50W,"N8SL near South Lyon, Oakland County, Michigan OPEN",,,,
74,Denton Hill,443.200000,+,5.000000,TSQL,88.5,151.4,023,NN,023,Tone->Tone,FM,5.00,,50W,"KC8YGT near Fenton, Genesee County, Michigan OPEN",,,,
75,W8FSM,443.925000,+,5.000000,,88.5,88.5,023,NN,023,Tone->Tone,DMR,5.00,,50W,"W8FSM near Fenton, Genesee County, Michigan OPEN c-Bridge partner with DMR-MARC",,,,
76,K8JTT,147.350000,,0.000000,,88.5,88.5,023,NN,023,Tone->Tone,DN,5.00,,50W,"K8JTT near Brownstown, Wayne County, Michigan OPEN CONNECTED TO ROOM ID 82370 DOWNRIVER HUB",,,,
77,W8CMN,147.380000,+,0.600000,TSQL,88.5,88.5,023,NN,023,Tone->Tone,FM,5.00,,50W,"W8CMN near Flint, Genesee County, Michigan OPEN",,,,
78,KB8PGF,443.975000,+,5.000000,Tone,67.0,88.5,023,NN,023,Tone->Tone,FM,5.00,,50W,"KB8PGF near Fenton, Genesee County, Michigan OPEN",,,,
79,Davison/Center Roads,145.340000,-,0.600000,,88.5,88.5,023,NN,023,Tone->Tone,DN,5.00,,50W,"W8TRU near Flint, Genesee County, Michigan OPEN Linked into the Detroit-Metro Room 43274 full time which covers all of Eastern Michigan.<br> Located at Center and Davison Roads.",,,,
80,KC8KGZ,147.100000,+,0.600000,Tone,100.0,88.5,023,NN,023,Tone->Tone,FM,5.00,,50W,"KC8KGZ near Flint, Genesee County, Michigan OPEN",,,,
81,KC8KGZ,147.260000,+,0.600000,Tone,100.0,88.5,023,NN,023,Tone->Tone,FM,5.00,,50W,"KC8KGZ near Flint, Genesee County, Michigan OPEN Remote receivers and voter system located in Fenton, Davison, Flushing, Mt. Morris using 88.5hz tone",,,,
82,W8ACW,147.340000,+,0.600000,Tone,100.0,88.5,023,NN,023,Tone->Tone,FM,5.00,,50W,"W8ACW near Flint, Genesee County, Michigan OPEN",,,,
83,KC8KGZ,224.480000,-,1.600000,Tone,100.0,88.5,023,NN,023,Tone->Tone,FM,5.00,,50W,"KC8KGZ near Flint, Genesee County, Michigan OPEN",,,,
84,W8ACW,444.200000,+,5.000000,Tone,107.2,88.5,023,NN,023,Tone->Tone,FM,5.00,,50W,"W8ACW near Flint, Genesee County, Michigan OPEN",,,,
85,W8CMN,444.600000,+,5.000000,TSQL,88.5,151.4,023,NN,023,Tone->Tone,FM,5.00,,50W,"W8CMN near Flint, Genesee County, Michigan OPEN",,,,
86,KG8ID,443.450000,+,5.000000,Tone,100.0,88.5,023,NN,023,Tone->Tone,FM,5.00,,50W,"KG8ID near North Branch, Lapeer County, Michigan OPEN",,,,
87,St Joseph Mercy Hospital,146.920000,-,0.600000,Tone,100.0,88.5,023,NN,023,Tone->Tone,DN,5.00,,50W,"W8FSA near Ypsilanti, Washtenaw County, Michigan OPEN",,,,
88,N8UMW,442.000000,+,5.000000,TSQL,88.5,100.0,023,NN,023,Tone->Tone,DV,5.00,,50W,"N8UMW near Flint, Genesee County, Michigan OPEN",,,,
89,Latson Rd/M-59,443.250000,+,5.000000,TSQL,88.5,100.0,023,NN,023,Tone->Tone,DN,5.00,,50W,"W8LRK near Howell, Livingston County, Michigan OPEN",,,,
90,Latson Rd/M-59,146.680000,-,0.600000,TSQL,88.5,162.2,023,NN,023,Tone->Tone,DN,5.00,,50W,"W8LRK near Howell, Livingston County, Michigan OPEN Monthly meetings are held on the second Wednesday of each month at 19:00 hours ET at the Livingston County EMS Building located at 1911 Tooley Road, Howell, MI 48855. All are welcome to attend.",,,,
91,Cleary University,145.410000,-,0.600000,TSQL,88.5,162.2,023,NN,023,Tone->Tone,DN,5.00,,50W,"K8JBA near Howell, Livingston County, Michigan OPEN",,,,
92,Cleary University,444.525000,+,5.000000,TSQL,88.5,100.0,023,NN,023,Tone->Tone,DN,5.00,,50W,"W8LRK near Howell, Livingston County, Michigan OPEN FM / Fusion; no Internet connection.",,,,
93,U of M,145.230000,-,0.600000,TSQL,88.5,100.0,023,NN,023,Tone->Tone,FM,5.00,,50W,"W8UM near Ann Arbor, Washtenaw County, Michigan OPEN",,,,
94,U of M,444.075000,+,5.000000,TSQL,88.5,82.5,023,NN,023,Tone->Tone,FM,5.00,,50W,"WR8DAR near Ann Arbor, Washtenaw County, Michigan OPEN",,,,
95,W8UM,444.975000,+,5.000000,TSQL,88.5,107.2,023,NN,023,Tone->Tone,FM,5.00,,50W,"W8UM near Ann Arbor, Washtenaw County, Michigan OPEN",,,,
96,KB8ZUZ,443.775000,+,5.000000,TSQL,88.5,100.0,023,NN,023,Tone->Tone,FM,5.00,,50W,"KB8ZUZ near Mayville, Tuscola County, Michigan OPEN",,,,
97,KB8SWR,443.850000,+,5.000000,,88.5,88.5,023,NN,023,Tone->Tone,DMR,5.00,,50W,"KB8SWR near Mayville, Tuscola County, Michigan OPEN",,,,
98,W8AX,146.860000,-,0.600000,Cross,88.5,88.5,023,NN,023,->Tone,DN,5.00,,50W,"W8AX near Sandusky, Sanilac County, Michigan OPEN",,,,
99,SHS,444.400000,+,5.000000,,88.5,88.5,023,NN,023,Tone->Tone,DN,5.00,,50W,"K8PDJ near Ann Arbor, Washtenaw County, Michigan OPEN Yaesu C4FM only linked to Eastern Michigan Link",,,,
100,W8RP,443.500000,+,5.000000,,88.5,88.5,023,NN,023,Tone->Tone,DMR,5.00,,50W,"W8RP near Ann Arbor, Washtenaw County, Michigan OPEN",,,,
101,W8RP,146.960000,-,0.600000,,88.5,88.5,023,NN,023,Tone->Tone,FM,5.00,,50W,"W8RP near Ann Arbor, Washtenaw County, Michigan OPEN",,,,
102,W8PGW,224.380000,-,1.600000,,88.5,88.5,023,NN,023,Tone->Tone,FM,5.00,,50W,"W8PGW near Ann Arbor, Washtenaw County, Michigan OPEN",,,,
103,W8PGW,146.740000,-,0.600000,TSQL,88.5,100.0,023,NN,023,Tone->Tone,FM,5.00,,50W,"W8PGW near Ann Arbor, Washtenaw County, Michigan OPEN",,,,
104,KC8KGZ,444.650000,+,5.000000,Tone,100.0,88.5,023,NN,023,Tone->Tone,DV,5.00,,50W,"KC8KGZ near Millington, Tuscola County, Michigan OPEN",,,,
105,N8DUY,145.150000,-,0.600000,TSQL,88.5,100.0,023,NN,023,Tone->Tone,FM,5.00,,50W,"N8DUY near Ann Arbor, Washtenaw County, Michigan OPEN Washtenaw County ARPSC & Skywarn Repeater.",,,,
106,N8LBV,443.050000,+,5.000000,TSQL,88.5,107.2,023,NN,023,Tone->Tone,FM,5.00,,50W,"N8LBV near Ann Arbor, Washtenaw County, Michigan OPEN Linked via EchoLink node: W8YZ-R (463241) to W8YZ repeater in Monroe and 146.480 CSQ simplex throughout Southeast Michigan with additional connectivity through WiRES-X node: W8YZ Room (21836).",,,,
107,Oak Grove/Cohoctah Road,442.575000,+,5.000000,TSQL,88.5,100.0,023,NN,023,Tone->Tone,DMR,5.00,,50W,"W8LRK near Cohoctah, Livingston County, Michigan OPEN",,,,
108,W8SRC,446.150000,-,5.000000,TSQL,88.5,100.0,023,NN,023,Tone->Tone,DN,5.00,,50W,"W8SRC near Dexter, Washtenaw County, Michigan OPEN",,,,
109,N8NJN,224.060000,-,1.600000,Tone,100.0,88.5,023,NN,023,Tone->Tone,FM,5.00,,50W,"N8NJN near Clio, Genesee County, Michigan OPEN",,,,
110,Grand River/M-59,146.500000,+,1.000000,TSQL,88.5,131.8,023,NN,023,Tone->Tone,FM,5.00,,50W,"N8EOC near Howell, Livingston County, Michigan OPEN Shared Non-Protected Repeater (SNPR)",,,,
111,W8LIV,145.320000,-,0.600000,TSQL,88.5,100.0,023,NN,023,Tone->Tone,DN,5.00,,50W,"W8LIV near Howell, Livingston County, Michigan OPEN",,,,
112,W8LIV,444.037500,+,5.000000,TSQL,88.5,100.0,023,NN,023,Tone->Tone,DN,12.50,,50W,"W8LIV near Howell, Livingston County, Michigan OPEN",,,,
113,KB8ZUZ,51.820000,-,0.500000,Tone,131.8,88.5,023,NN,023,Tone->Tone,FM,5.00,,50W,"KB8ZUZ near Mayville, Tuscola County, Michigan OPEN",,,,
114,W2PUT,146.500000,+,1.000000,TSQL,88.5,88.5,023,NN,023,Tone->Tone,FM,5.00,,50W,"W2PUT near Milan, Washtenaw County, Michigan OPEN",,,,
115,W2PUT,443.112500,+,5.000000,,88.5,88.5,023,NN,023,Tone->Tone,DMR,12.50,,50W,"W2PUT near Milan, Washtenaw County, Michigan OPEN c-Bridge partner with DMR-MARC",,,,
116,W2PUT,444.100000,+,5.000000,TSQL,88.5,82.5,023,NN,023,Tone->Tone,FM,5.00,,50W,"W2PUT near Milan, Washtenaw County, Michigan OPEN",,,,
117,N8IES,145.290000,-,0.600000,TSQL,88.5,100.0,023,NN,023,Tone->Tone,FM,5.00,,50W,"N8IES near Durand, Shiawassee County, Michigan OPEN",,,,
118,N8IES,224.860000,-,1.600000,Tone,100.0,88.5,023,NN,023,Tone->Tone,FM,5.00,,50W,"N8IES near Durand, Shiawassee County, Michigan OPEN",,,,
119,N8IES,442.625000,+,5.000000,Tone,100.0,88.5,023,NN,023,Tone->Tone,FM,5.00,,50W,"N8IES near Durand, Shiawassee County, Michigan OPEN",,,,
120,Downtown,145.310000,-,0.600000,TSQL,88.5,100.0,023,NN,023,Tone->Tone,FM,5.00,,50W,"W8YZ near Monroe, Monroe County, Michigan OPEN Analog only!",,,,
121,Downtown,446.075000,-,5.000000,,88.5,88.5,023,NN,023,Tone->Tone,DN,5.00,,50W,"W8OTC near Monroe, Monroe County, Michigan OPEN",,,,
122,KC8CNN,146.660000,-,0.600000,TSQL,88.5,100.0,023,NN,023,Tone->Tone,FM,5.00,,50W,"KC8CNN near Caro, Tuscola County, Michigan OPEN",,,,
123,KC8CNN,442.550000,+,5.000000,TSQL,88.5,103.5,023,NN,023,Tone->Tone,DN,5.00,,50W,"KC8CNN near Caro, Tuscola County, Michigan OPEN",,,,
124,KB8SWR,444.025000,+,5.000000,Tone,100.0,88.5,023,NN,023,Tone->Tone,FM,5.00,,50W,"KB8SWR near Frankenmuth, Saginaw County, Michigan OPEN",,,,
125,K8RPT,224.780000,-,1.600000,Tone,100.0,88.5,023,NN,023,Tone->Tone,FM,5.00,,50W,"K8RPT near Ida, Monroe County, Michigan OPEN",,,,
126,K8RPT,442.825000,+,5.000000,TSQL,88.5,100.0,023,NN,023,Tone->Tone,DMR,5.00,,50W,"K8RPT near Dundee, Monroe County, Michigan OPEN",,,,
127,K8RPT,146.720000,-,0.600000,TSQL,88.5,100.0,023,NN,023,Tone->Tone,FM,5.00,,50W,"K8RPT near Ida, Monroe County, Michigan OPEN",,,,
128,K8RPT,442.650000,+,5.000000,TSQL,88.5,100.0,023,NN,023,Tone->Tone,FM,5.00,,50W,"K8RPT near Ida, Monroe County, Michigan OPEN",,,,
129,Water Tower,145.450000,-,0.600000,TSQL,88.5,100.0,023,NN,023,Tone->Tone,FM,5.00,,50W,"WD8IEL near Chelsea, Washtenaw County, Michigan OPEN",,,,
130,KC8ELQ,442.200000,+,5.000000,TSQL,88.5,103.5,023,NN,023,Tone->Tone,FM,5.00,,50W,"KC8ELQ near Burt, Saginaw County, Michigan OPEN",,,,
131,KB8POO,147.310000,+,0.600000,,88.5,88.5,023,NN,023,Tone->Tone,DMR,5.00,,50W,"KB8POO near Waterloo, Jackson County, Michigan OPEN",,,,
132,W8SHI,145.240000,-,0.600000,,88.5,88.5,023,NN,023,Tone->Tone,DV,5.00,,50W,"W8SHI near Owosso, Shiawassee County, Michigan OPEN",,,,
133,W8SHI,444.300000,+,5.000000,,88.5,88.5,023,NN,023,Tone->Tone,DV,5.00,,50W,"W8SHI near Owosso, Shiawassee County, Michigan OPEN",,,,
134,KD8LMI,146.980000,-,0.600000,TSQL,88.5,100.0,023,NN,023,Tone->Tone,DN,5.00,,50W,"KD8LMI near Manchester, Washtenaw County, Michigan OPEN",,,,
135,KB8POO,444.475000,+,5.000000,,88.5,88.5,023,NN,023,Tone->Tone,DMR,5.00,,50W,"KB8POO near Manchester, Washtenaw County, Michigan OPEN BM TG 311476 TS1, BM TG 310226 TS2",,,,
136,N8DVH,147.020000,+,0.600000,Tone,100.0,88.5,023,NN,023,Tone->Tone,FM,5.00,,50W,"N8DVH near Owosso, Shiawassee County, Michigan OPEN",,,,
137,W Austin/Grossman Rd,146.610000,-,0.600000,,88.5,88.5,023,NN,023,Tone->Tone,DMR,5.00,,50W,"KB8POO near Manchester, Washtenaw County, Michigan OPEN General seasonal use, May through September. Emergency use activation is possible when needed.",,,,
138,W8QQQ,442.400000,+,5.000000,Tone,100.0,88.5,023,NN,023,Tone->Tone,FM,5.00,,50W,"W8QQQ near Owosso, Shiawassee County, Michigan OPEN",,,,
139,KC8LMI,224.160000,-,1.600000,Tone,100.0,88.5,023,NN,023,Tone->Tone,FM,5.00,,50W,"KC8LMI near Grass Lake, Jackson County, Michigan OPEN",,,,
140,KB8SWR,147.320000,+,0.600000,TSQL,88.5,100.0,023,NN,023,Tone->Tone,FM,5.00,,50W,"KB8SWR near Gilford, Tuscola County, Michigan OPEN (TG:1 LOCAL), LINKED SYSTEM",,,,
141,K8RPT,444.550000,+,5.000000,TSQL,88.5,100.0,023,NN,023,Tone->Tone,FM,5.00,,50W,"K8RPT near Temperance, Monroe County, Michigan OPEN Repeater is lower power from temporary location as of 4/11/2019.",,,,
142,KB8UB,442.325000,+,5.000000,TSQL,88.5,77.0,023,NN,023,Tone->Tone,DMR,5.00,,50W,"KB8UB near Munith, Jackson County, Michigan OPEN",,,,
143,N8OBU,444.700000,+,5.000000,,88.5,88.5,023,NN,023,Tone->Tone,DMR,5.00,,50W,"N8OBU near Dansville, Ingham County, Michigan OPEN c-Bridge partner with DMR-MARC",,,,
144,W8CMN,443.812500,+,5.000000,,88.5,88.5,023,NN,023,Tone->Tone,DMR,12.50,,50W,"W8CMN near Grass Lake, Jackson County, Michigan OPEN",,,,
145,Makinaw Rd/Tidibawase Rd,442.062500,+,5.000000,,88.5,88.5,023,NN,023,Tone->Tone,DV,12.50,,50W,"K8DAC near Saginaw, Saginaw County, Michigan OPEN",,,,
146,W8CMN,145.310000,-,0.600000,TSQL,88.5,131.8,023,NN,023,Tone->Tone,FM,5.00,,50W,"W8CMN near Gilford, Tuscola County, Michigan OPEN",,,,
147,N8OBU,444.575000,+,5.000000,TSQL,88.5,107.2,023,NN,023,Tone->Tone,FM,5.00,,50W,"N8OBU near Dansville, Ingham County, Michigan OPEN",,,,
148,Rosine Tower Apt Bldg,147.240000,+,0.600000,Tone,103.5,88.5,023,NN,023,Tone->Tone,FM,5.00,,50W,"K8DAC near Saginaw, Saginaw County, Michigan OPEN Receive sites at: Covenant Hemlock Bancroft Davenport Rosine Tower Gera Transmitter 225",,,,
149,Harrison Healthcare,145.330000,-,0.600000,Tone,88.5,88.5,023,NN,023,Tone->Tone,FM,5.00,,50W,"N8ERL near Saginaw, Saginaw County, Michigan OPEN",,,,
150,KB8SWR,443.750000,+,5.000000,Tone,100.0,88.5,023,NN,023,Tone->Tone,FM,5.00,,50W,"KB8SWR near James Township, Saginaw County, Michigan OPEN",,,,
151,N8VDS,443.600000,+,5.000000,,88.5,88.5,023,NN,023,Tone->Tone,DMR,5.00,,50W,"N8VDS near James, Saginaw County, Michigan OPEN c-Bridge partner with DMR-MARC",,,,
152,KC8LMI,224.180000,-,1.600000,TSQL,88.5,88.5,023,NN,023,Tone->Tone,FM,5.00,,50W,"KC8LMI near Pleasant Lake, Jackson County, Michigan OPEN",,,,
153,KC8LMI,446.800000,,0.000000,TSQL,88.5,136.5,023,NN,023,Tone->Tone,FM,5.00,,50W,"KC8LMI near Pleasant Lake, Jackson County, Michigan OPEN Simplex Repeater",,,,
154,WKAR Tower,145.390000,-,0.600000,TSQL,88.5,100.0,023,NN,023,Tone->Tone,FM,5.00,,50W,"W8BCI near Okemos, Ingham County, Michigan OPEN",,,,
155,N8LFR,145.470000,-,0.600000,Tone,110.9,88.5,023,NN,023,Tone->Tone,FM,5.00,,50W,"N8LFR near Bad Axe, Huron County, Michigan OPEN",,,,
156,KA8WYN,442.037500,+,5.000000,,88.5,88.5,023,NN,023,Tone->Tone,DMR,12.50,,50W,"KA8WYN near Bad Axe, Huron County, Michigan OPEN This is an open system, which is part of the DCI network, a c-Bridge partner of DMR-MARC. We have access to all DMR-MARC talkgroups, DCI network talkgroups, as well as Michigan Mi5/Central Michigan Emergency Network (CMEN) statewide talkgroups.",,,,
157,KA8WYN,443.550000,+,5.000000,Tone,114.8,88.5,023,NN,023,Tone->Tone,FM,5.00,,50W,"KA8WYN near Bad Axe, Huron County, Michigan OPEN",,,,
158,WB8RJY,51.700000,-,0.500000,TSQL,88.5,192.8,023,NN,023,Tone->Tone,FM,5.00,,50W,"WB8RJY near Mason, Ingham County, Michigan CLOSED",,,,
159,W8TQE,145.370000,-,0.600000,Tone,85.4,88.5,023,NN,023,Tone->Tone,FM,5.00,,50W,"W8TQE near Adrian, Lenawee County, Michigan OPEN",,,,
160,K8ADM,443.375000,+,5.000000,Tone,107.2,88.5,023,NN,023,Tone->Tone,FM,5.00,,50W,"K8ADM near Adrian, Lenawee County, Michigan OPEN",,,,
161,MSU,442.900000,+,5.000000,TSQL,88.5,77.0,023,NN,023,Tone->Tone,DN,5.00,,50W,"W8MSU near East Lansing, Ingham County, Michigan OPEN This repeater has scheduled times of analog-only operations. Thursdays for an FM net from 7:30 to 9:00 P.M. Wires-X and linking will be off during this time. Analog only during these times Please.",,,,
162,Michigan Intl Speedway,442.512500,+,5.000000,,88.5,88.5,023,NN,023,Tone->Tone,DMR,12.50,,50W,"N8UWR near Onsted, Lenawee County, Michigan OPEN",,,,
163,KB8YUR,444.500000,+,5.000000,Tone,123.0,88.5,023,NN,023,Tone->Tone,FM,5.00,,50W,"KB8YUR near Bay City, Bay County, Michigan OPEN",,,,
164,County Bldg,147.360000,+,0.600000,TSQL,88.5,131.8,023,NN,023,Tone->Tone,DN,5.00,,50W,"K8BAY near Bay City, Bay County, Michigan OPEN",,,,
165,KD8IEK,147.150000,+,0.600000,TSQL,88.5,123.0,023,NN,023,Tone->Tone,FM,5.00,,50W,"KD8IEK near Ithaca, Gratiot County, Michigan OPEN",,,,
166,Water Tower,146.880000,-,0.600000,TSQL,88.5,100.0,023,NN,023,Tone->Tone,FM,5.00,,50W,"W8JXN near Jackson, Jackson County, Michigan OPEN",,,,
167,KA8ZXX,51.620000,-,0.500000,TSQL,88.5,100.0,023,NN,023,Tone->Tone,FM,5.00,,50W,"KA8ZXX near Pleasant Lake, Jackson County, Michigan OPEN",,,,
168,KA8HDY,147.360000,+,0.600000,TSQL,88.5,100.0,023,NN,023,Tone->Tone,FM,5.00,,50W,"KA8HDY near Jackson, Jackson County, Michigan OPEN Linkable to 145.1500 (N8DUY) at Ann Arbor, MI for SKYWARN operations.",,,,
169,Downtown,442.500000,+,5.000000,,88.5,88.5,023,NN,023,Tone->Tone,DMR,5.00,,50W,"N8URW near Jackson, Jackson County, Michigan OPEN",,,,
170,WD8EEQ,443.175000,+,5.000000,TSQL,88.5,77.0,023,NN,023,Tone->Tone,FM,5.00,,50W,"WD8EEQ near Jackson, Jackson County, Michigan OPEN",,,,
171,KA8YRL,444.175000,+,5.000000,TSQL,88.5,100.0,023,NN,023,Tone->Tone,FM,5.00,,50W,"KA8YRL near Jackson, Jackson County, Michigan OPEN Linked to 145.1500 (N8DUY) at Ann Arbor, MI for SKYWARN operations.",,,,
172,Clark Lake,443.750000,,0.000000,Cross,88.5,88.5,754,NN,023,DTCS->,DN,5.00,,50W,"N8URX near Brooklyn, Jackson County, Michigan OPEN COMET GP9 @ 35 FEET power at >25-Watts @ experimental at this time (68794) ROOM ID",,,,
173,KC8LMI,443.875000,+,5.000000,TSQL,88.5,136.5,023,NN,023,Tone->Tone,DN,5.00,,50W,"KC8LMI near Aurelius, Ingham County, Michigan OPEN Linkable to 145.1500 (N8DUY) in Ann Arbor for SkyWarn operations.",,,,
174,KD8IFI,443.000000,+,5.000000,,88.5,88.5,023,NN,023,Tone->Tone,DV,5.00,,50W,"KD8IFI near Lansing, Ingham County, Michigan OPEN",,,,
175,KD8IFI,442.525000,+,5.000000,TSQL,88.5,107.2,023,NN,023,Tone->Tone,FM,5.00,,50W,"KD8IFI near Lansing, Ingham County, Michigan OPEN",,,,
176,Ingham Reg Med Ctr,146.940000,-,0.600000,Tone,100.0,88.5,023,NN,023,Tone->Tone,FM,5.00,,50W,"W8BCI near Lansing, Ingham County, Michigan OPEN If you do not have PL, dial 3, 2, 5 on your keypad to turn the PL off.",,,,
177,Ingham Reg Med Ctr,224.980000,-,1.600000,Tone,100.0,88.5,023,NN,023,Tone->Tone,FM,5.00,,50W,"W8BCI near Lansing, Ingham County, Michigan OPEN",,,,
178,Ingham Reg Med Ctr,146.700000,-,0.600000,Tone,107.2,88.5,023,NN,023,Tone->Tone,FM,5.00,,50W,"W8BCI near Lansing, Ingham County, Michigan OPEN",,,,
179,KB8LCY,147.280000,+,0.600000,TSQL,88.5,100.0,023,NN,023,Tone->Tone,FM,5.00,,50W,"KB8LCY near Lansing, Ingham County, Michigan OPEN",,,,
180,MGL Hospital,442.087500,+,5.000000,,88.5,88.5,023,NN,023,Tone->Tone,DMR,12.50,,50W,"KB8SXK near Lansing, Ingham County, Michigan OPEN",,,,
181,MGL Hospital,444.787500,+,5.000000,,88.5,88.5,023,NN,023,Tone->Tone,DMR,12.50,,50W,"KB8SXK near Lansing, Ingham County, Michigan OPEN",,,,
182,W8IRA,145.470000,-,0.600000,TSQL,88.5,114.8,023,NN,023,Tone->Tone,FM,5.00,,50W,"W8IRA near Onondaga, Ingham County, Michigan OPEN",,,,
183,KD8IEI,145.440000,-,0.600000,,88.5,88.5,023,NN,023,Tone->Tone,DV,5.00,,50W,"KD8IEI near Saint Johns, Clinton County, Michigan OPEN",,,,
184,KD8IEI,442.937500,+,5.000000,,88.5,88.5,023,NN,023,Tone->Tone,DV,12.50,,50W,"KD8IEI near Saint Johns, Clinton County, Michigan OPEN",,,,
185,K8NET,146.740000,-,0.330000,Tone,114.8,88.5,023,NN,023,Tone->Tone,DN,5.00,,50W,"K8NET near Port Hope, Huron County, Michigan OPEN Primarily Connected to WA8BRO - Fusion Equipment Room #01946 -CQ Michigan BrandMeister TG# 3198726, Connected to XLX624 and XLX625 Reflectors, YSF Room #73601",,,,
186,N9UV,442.050000,+,5.000000,Tone,100.0,88.5,023,NN,023,Tone->Tone,FM,5.00,,50W,"N9UV near Dimondale, Eaton County, Michigan OPEN",,,,
187,KC8QVX,444.825000,+,5.000000,TSQL,88.5,107.2,023,NN,023,Tone->Tone,FM,5.00,,50W,"KC8QVX near Jerome, Hillsdale County, Michigan OPEN",,,,
188,N8JI,442.025000,+,5.000000,TSQL,88.5,173.8,023,NN,023,Tone->Tone,FM,5.00,,50W,"N8JI near Potterville, Eaton County, Michigan OPEN",,,,
189,W8QPO,442.650000,+,5.000000,Tone,100.0,88.5,023,NN,023,Tone->Tone,FM,5.00,,50W,"W8QPO near Breckenridge, Gratiot County, Michigan OPEN",,,,
190,Soccer Fields,147.000000,+,0.600000,Tone,103.5,88.5,023,NN,023,Tone->Tone,FM,5.00,,50W,"W8KEA near Midland, Midland County, Michigan OPEN Moving to the old Midland Family Life Radio Station on M-20 west of Midland.",,,,
191,KC8ARJ,444.350000,+,5.000000,,88.5,88.5,023,NN,023,Tone->Tone,DV,5.00,,50W,"KC8ARJ near Midland, Midland County, Michigan OPEN",,,,
192,KD8IEK,443.137500,+,5.000000,,88.5,88.5,023,NN,023,Tone->Tone,DV,12.50,,50W,"KD8IEK near Ithaca, Gratiot County, Michigan OPEN",,,,
193,K8CHR,147.080000,+,0.600000,TSQL,88.5,103.5,023,NN,023,Tone->Tone,FM,5.00,,50W,"K8CHR near Charlotte, Eaton County, Michigan OPEN",,,,
194,N8HEE,442.262500,+,5.000000,,88.5,88.5,023,NN,023,Tone->Tone,DMR,12.50,,50W,"N8HEE near Charlotte, Eaton County, Michigan OPEN",,,,
195,County EOC,443.437500,+,5.000000,,88.5,88.5,023,NN,023,Tone->Tone,DV,12.50,,50W,"K8ETN near Charlotte, Eaton County, Michigan OPEN",,,,
196,N8HEE,443.625000,+,5.000000,TSQL,88.5,100.0,023,NN,023,Tone->Tone,FM,5.00,,50W,"N8HEE near Charlotte, Eaton County, Michigan OPEN",,,,
197,County EOC,145.200000,-,0.600000,,88.5,88.5,023,NN,023,Tone->Tone,DV,5.00,,50W,"K8ETN near Charlotte, Eaton County, Michigan OPEN",,,,
198,Alma College,145.370000,-,0.600000,Tone,100.0,88.5,023,NN,023,Tone->Tone,FM,5.00,,50W,"KC8MUV near Alma, Gratiot County, Michigan OPEN",,,,
199,N8ZMT,145.130000,-,0.600000,TSQL,88.5,94.8,023,NN,023,Tone->Tone,FM,5.00,,50W,"N8ZMT near Portland, Ionia County, Michigan OPEN",,,,
200,Pleasant Valley,146.720000,-,0.600000,TSQL,88.5,103.5,023,NN,023,Tone->Tone,DN,5.00,,50W,"KA8IBY near Midland, Midland County, Michigan OPEN  Notes Digitally linked full-time to Eastern-MI-Link Room which covers all of Eastern Michigan with linked digital repeaters from Toledo, OH to Grayling Michigan including Detroit.",,,,
201,KA8IBY,146.720000,-,0.600000,TSQL,88.5,103.5,023,NN,023,Tone->Tone,DN,5.00,,50W,"KA8IBY near Oil City, Midland County, Michigan OPEN",,,,
202,W8COP,147.060000,+,0.600000,TSQL,88.5,103.5,023,NN,023,Tone->Tone,DN,5.00,,50W,"W8COP near Sterling, Arenac County, Michigan OPEN",,,,
203,W8IRA,145.150000,-,0.600000,Tone,103.5,88.5,023,NN,023,Tone->Tone,FM,5.00,,50W,"W8IRA near Mount Pleasant, Isabella County, Michigan OPEN",,,,
204,KC8RTU,442.825000,+,5.000000,Tone,100.0,88.5,023,NN,023,Tone->Tone,FM,5.00,,50W,"KC8RTU near Mount Pleasant, Isabella County, Michigan OPEN",,,,
205,KD8RHB,147.120000,+,0.600000,Tone,186.2,88.5,023,NN,023,Tone->Tone,FM,5.00,,50W,"KD8RHB near Battle Creek, Calhoun County, Michigan OPEN",,,,
206,W8DF,442.762500,+,5.000000,,88.5,88.5,023,NN,023,Tone->Tone,DV,12.50,,50W,"W8DF near Battle Creek, Calhoun County, Michigan OPEN",,,,
207,W8DF,146.790000,-,0.600000,,88.5,88.5,023,NN,023,Tone->Tone,DV,5.00,,50W,"W8DF near Battle Creek, Calhoun County, Michigan OPEN",,,,
208,W8DF,146.660000,-,0.600000,TSQL,88.5,94.8,023,NN,023,Tone->Tone,FM,5.00,,50W,"W8DF near Battle Creek, Calhoun County, Michigan OPEN",,,,
209,Saranac Bus Garage,444.725000,+,5.000000,TSQL,88.5,94.8,023,NN,023,Tone->Tone,DN,5.00,,50W,"WA8RRA near Saranac, Ionia County, Michigan OPEN",,,,
210,W8IRA,145.150000,-,0.600000,Tone,94.8,88.5,023,NN,023,Tone->Tone,FM,5.00,,50W,"W8IRA near Battle Creek, Calhoun County, Michigan OPEN",,,,
211,W8DF,224.240000,-,1.600000,Tone,94.8,88.5,023,NN,023,Tone->Tone,FM,5.00,,50W,"W8DF near Battle Creek, Calhoun County, Michigan OPEN",,,,
212,W8DF,443.950000,+,5.000000,TSQL,88.5,94.8,023,NN,023,Tone->Tone,FM,5.00,,50W,"W8DF near Battle Creek, Calhoun County, Michigan OPEN",,,,
213,WD8KAF,147.300000,+,0.600000,TSQL,88.5,100.0,023,NN,023,Tone->Tone,FM,5.00,,50W,"WD8KAF near Coldwater, Branch County, Michigan OPEN",,,,
214,WD8KAF,442.962500,+,5.000000,,88.5,88.5,023,NN,023,Tone->Tone,DV,12.50,,50W,"WD8KAF near Coldwater, Branch County, Michigan OPEN",,,,
215,WD8KAF,443.300000,+,5.000000,TSQL,88.5,123.0,023,NN,023,Tone->Tone,FM,5.00,,50W,"WD8KAF near Coldwater, Branch County, Michigan OPEN",,,,
216,Barry Co EOC,442.725000,+,5.000000,,88.5,88.5,023,NN,023,Tone->Tone,DN,5.00,,50W,"K8BMI near Hastings, Barry County, Michigan OPEN",,,,
217,WB8VWK,146.800000,-,0.600000,TSQL,88.5,103.5,023,NN,023,Tone->Tone,FM,5.00,,50W,"WB8VWK near Edmore, Montcalm County, Michigan OPEN",,,,
218,KC8LEQ,444.700000,+,5.000000,Tone,103.5,88.5,023,NN,023,Tone->Tone,FM,5.00,,50W,"KC8LEQ near Edmore, Montcalm County, Michigan OPEN",,,,
219,K8EO,442.450000,+,5.000000,TSQL,88.5,173.8,023,NN,023,Tone->Tone,DN,5.00,,50W,"K8EO near Gladwin, Gladwin County, Michigan OPEN",,,,
220,W8GDW,147.180000,+,0.600000,TSQL,88.5,173.8,023,NN,023,Tone->Tone,DN,5.00,,50W,"W8GDW near Gladwin, Gladwin County, Michigan OPEN",,,,
221,K8YPW,146.840000,-,0.600000,Tone,94.8,88.5,023,NN,023,Tone->Tone,FM,5.00,,50W,"K8YPW near Hastings, Barry County, Michigan OPEN",,,,
222,KD8RXD,443.387500,+,5.000000,,88.5,88.5,023,NN,023,Tone->Tone,DMR,12.50,,50W,"KD8RXD near Greenville, Montcalm County, Michigan OPEN c-Bridge partner with DMR-MARC",,,,
223,W8LRC,145.270000,-,0.600000,Tone,94.8,88.5,023,NN,023,Tone->Tone,FM,5.00,,50W,"W8LRC near Lowell, Kent County, Michigan OPEN",,,,
224,KD8RXD,443.112500,+,5.000000,,88.5,88.5,023,NN,023,Tone->Tone,DMR,12.50,,50W,"KD8RXD near Lowell, Kent County, Michigan OPEN c-Bridge partner with DMR-MARC",,,,
225,Lake Lancer,145.250000,-,0.600000,TSQL,88.5,103.5,023,NN,023,Tone->Tone,DN,5.00,,50W,"W8CSX near Gladwin, Gladwin County, Michigan OPEN",,,,
226,W8USA,444.450000,+,5.000000,TSQL,88.5,94.8,023,NN,023,Tone->Tone,DN,5.00,,50W,"W8USA near Grand Rapids, Kent County, Michigan OPEN",,,,
227,KD8TUV,147.200000,+,0.600000,TSQL,88.5,103.5,023,NN,023,Tone->Tone,DN,5.00,,50W,"KD8TUV near Harrison, Clare County, Michigan OPEN Linked Full-Time to Detroit-Metro Room- a group of Fusion linked repeaters covering Eastern Michigan including Detroit.",,,,
228,Pointer Hill Park,146.940000,-,0.600000,TSQL,88.5,103.5,023,NN,023,Tone->Tone,DN,5.00,,50W,"K8OAR near West Branch, Ogemaw County, Michigan OPEN",,,,
229,WBMI Tower,444.225000,+,5.000000,TSQL,88.5,107.2,023,NN,023,Tone->Tone,FM,5.00,,50W,"KD8NCN near West Branch, Ogemaw County, Michigan OPEN",,,,
230,Water Tower,147.050000,+,0.600000,TSQL,88.5,107.2,023,NN,023,Tone->Tone,FM,5.00,,50W,"K8DYS near Harrison, Clare County, Michigan OPEN",,,,
231,N8RSH,147.080000,+,0.600000,,88.5,88.5,023,NN,023,Tone->Tone,DN,5.00,,50W,"N8RSH near Lupton, Ogemaw County, Michigan OPEN",,,,
232,NW8J,224.140000,-,1.600000,,88.5,88.5,023,NN,023,Tone->Tone,FM,5.00,,50W,"NW8J near Cedar Springs, Kent County, Michigan OPEN",,,,
233,NW8J,146.880000,-,0.600000,Tone,141.3,88.5,023,NN,023,Tone->Tone,DN,5.00,,50W,"NW8J near Cedar Springs, Kent County, Michigan OPEN",,,,
234,NW8J,443.075000,+,5.000000,Tone,94.8,88.5,023,NN,023,Tone->Tone,DN,5.00,,50W,"NW8J near Cedar Springs, Kent County, Michigan OPEN Repeater Node# 11924 / West Michigan Room# 21924",,,,
235,Kalamazoo Co EOC,443.400000,+,5.000000,,88.5,88.5,023,NN,023,Tone->Tone,DMR,5.00,,50W,"KM8CC near Kalamazoo, Kalamazoo County, Michigan OPEN See our Groups.io page for TG information",,,,
236,Borgess Hospital,444.500000,+,5.000000,,88.5,88.5,023,NN,023,Tone->Tone,DV,5.00,,50W,"NK8X near Kalamazoo, Kalamazoo County, Michigan OPEN",,,,
237,W8SZ,147.040000,+,0.600000,TSQL,88.5,123.0,023,NN,023,Tone->Tone,FM,5.00,,50W,"W8SZ near Harrisville, Alcona County, Michigan OPEN",,,,
238,WM8TG,442.550000,+,5.000000,,88.5,88.5,023,NN,023,Tone->Tone,DV,5.00,,50W,"WM8TG near Grand Rapids, Kent County, Michigan OPEN",,,,
239,W8DMI,145.110000,-,0.600000,TSQL,88.5,131.8,023,NN,023,Tone->Tone,DN,5.00,,50W,"W8DMI near Rose City, Ogemaw County, Michigan OPEN",,,,
240,K8WM,444.775000,+,5.000000,Tone,94.8,88.5,023,NN,023,Tone->Tone,FM,5.00,,50W,"K8WM near Grand Rapids, Kent County, Michigan OPEN",,,,
241,K8KZO,147.040000,+,0.600000,TSQL,88.5,94.8,023,NN,023,Tone->Tone,FM,5.00,,50W,"K8KZO near Kalamazoo, Kalamazoo County, Michigan OPEN",,,,
242,W8VY,444.650000,+,5.000000,TSQL,88.5,94.8,023,NN,023,Tone->Tone,FM,5.00,,50W,"W8VY near Kalamazoo, Kalamazoo County, Michigan OPEN",,,,
243,K8KZO,444.875000,+,5.000000,TSQL,88.5,94.8,023,NN,023,Tone->Tone,DN,5.00,,50W,"K8KZO near Kalamazoo, Kalamazoo County, Michigan OPEN Use CTCSS tone to avoid hearing digital traffic.",,,,
244,KD8MEY,224.920000,-,1.600000,TSQL,88.5,94.8,023,NN,023,Tone->Tone,FM,5.00,,50W,"KD8MEY near Grand Rapids, Kent County, Michigan OPEN",,,,
245,K8SN,442.075000,+,5.000000,TSQL,88.5,103.5,023,NN,023,Tone->Tone,FM,5.00,,50W,"K8SN near Morley, Mecosta County, Michigan OPEN",,,,
246,K8SN,443.225000,+,5.000000,,88.5,88.5,023,NN,023,Tone->Tone,DN,5.00,,50W,"K8SN near Moline, Allegan County, Michigan OPEN",,,,
247,WM8TG,147.290000,+,0.600000,,88.5,88.5,023,NN,023,Tone->Tone,DV,5.00,,50W,"WM8TG near Grand Rapids, Kent County, Michigan OPEN",,,,
248,K8SN,442.387500,+,5.000000,,88.5,88.5,023,NN,023,Tone->Tone,DMR,12.50,,50W,"K8SN near Moline, Allegan County, Michigan OPEN",,,,
249,Green Lake,223.920000,-,1.600000,TSQL,88.5,94.8,023,NN,023,Tone->Tone,FM,5.00,,50W,"N8JPR near Moline, Allegan County, Michigan OPEN Part of the West Michigan Technical Group",,,,
250,K8SN,442.175000,+,5.000000,TSQL,88.5,103.5,023,NN,023,Tone->Tone,FM,5.00,,50W,"K8SN near Moline, Allegan County, Michigan OPEN",,,,
251,Lost Lake Woods,442.012500,+,5.000000,,88.5,88.5,023,NN,023,Tone->Tone,DMR,12.50,,50W,"W8JJR near Lincoln, Alcona County, Michigan OPEN c-Bridge partner of DMR-MARC",,,,
252,NW8J,145.110000,-,0.600000,TSQL,88.5,94.8,023,NN,023,Tone->Tone,FM,5.00,,50W,"NW8J near Grand Rapids, Kent County, Michigan CLOSED Closed repeater for emergency use only!",,,,
253,W8DC,146.760000,-,0.600000,TSQL,88.5,94.8,023,NN,023,Tone->Tone,DN,5.00,,50W,"W8DC near Grand Rapids, Kent County, Michigan OPEN",,,,
254,W8IRA,147.160000,+,0.600000,TSQL,88.5,94.8,023,NN,023,Tone->Tone,FM,5.00,,50W,"W8IRA near Grand Rapids, Kent County, Michigan OPEN",,,,
255,W8DC,147.260000,+,0.600000,TSQL,88.5,94.8,023,NN,023,Tone->Tone,FM,5.00,,50W,"W8DC near Grand Rapids, Kent County, Michigan OPEN",,,,
256,KR8T,443.800000,+,5.000000,TSQL,88.5,94.8,023,NN,023,Tone->Tone,FM,5.00,,50W,"KR8T near Grand Rapids, Kent County, Michigan OPEN",,,,
257,N8NET,444.100000,+,5.000000,Tone,94.8,88.5,023,NN,023,Tone->Tone,DN,5.00,,50W,"N8NET near Grand Rapids, Kent County, Michigan OPEN",,,,
258,Downtown,444.250000,+,5.000000,,88.5,88.5,023,NN,023,Tone->Tone,DMR,5.00,,50W,"N8JSN near Grand Rapids, Kent County, Michigan OPEN",,,,
259,N8WKN,444.325000,+,5.000000,Tone,82.5,88.5,023,NN,023,Tone->Tone,FM,5.00,,50W,"N8WKN near Grand Rapids, Kent County, Michigan OPEN",,,,
260,W8DC,444.400000,+,5.000000,Tone,94.8,88.5,023,NN,023,Tone->Tone,FM,5.00,,50W,"W8DC near Grand Rapids, Kent County, Michigan OPEN",,,,
261,KD8RXD,444.625000,+,5.000000,,88.5,88.5,023,NN,023,Tone->Tone,DMR,5.00,,50W,"KD8RXD near Byron Center, Kent County, Michigan OPEN c-Bridge partner with DMR-MARC",,,,
262,W8VY,147.000000,+,0.600000,Tone,94.8,88.5,023,NN,023,Tone->Tone,FM,5.00,,50W,"W8VY near Kalamazoo, Kalamazoo County, Michigan OPEN For Downtown Kalamazoo and Richland use PL tone 127.3 Hz.",,,,
263,Leota,444.900000,+,5.000000,TSQL,88.5,107.2,023,NN,023,Tone->Tone,FM,5.00,,50W,"KC8QVX near Harrison, Clare County, Michigan OPEN",,,,
264,KE8OHG,146.840000,-,0.600000,Tone,103.5,88.5,023,NN,023,Tone->Tone,FM,5.00,,50W,"KE8OHG near Prudenville, Roscommon County, Michigan OPEN",,,,
265,Glen Oaks CC,145.310000,-,0.600000,TSQL,88.5,123.0,023,NN,023,Tone->Tone,DN,5.00,,50W,"K8SJC near Centreville, Saint Joseph County, Michigan OPEN",,,,
266,Red Cross Bldg,224.300000,-,1.600000,,88.5,88.5,023,NN,023,Tone->Tone,FM,5.00,,50W,"W8VY near Oshtemo, Kalamazoo County, Michigan OPEN",,,,
267,WB8ZIR,145.490000,-,0.600000,Tone,100.0,88.5,023,NN,023,Tone->Tone,FM,5.00,,50W,"WB8ZIR near Barton City, Alcona County, Michigan OPEN",,,,
268,Glen Oaks CC,442.150000,+,5.000000,TSQL,88.5,94.8,023,NN,023,Tone->Tone,FM,5.00,,50W,"KC8BRO near Centreville, Saint Joseph County, Michigan OPEN",,,,
269,K8WM,145.410000,-,0.600000,TSQL,88.5,94.8,023,NN,023,Tone->Tone,FM,5.00,,50W,"K8WM near Grand Rapids, Kent County, Michigan OPEN",,,,
270,KE8GLB,145.390000,-,0.600000,Tone,103.5,88.5,023,NN,023,Tone->Tone,FM,5.00,,50W,"KE8GLB near Houghton Lake, Roscommon County, Michigan OPEN",,,,
271,W8USA,145.230000,-,0.600000,TSQL,88.5,94.8,023,NN,023,Tone->Tone,DN,5.00,,50W,"W8USA near Sparta, Kent County, Michigan OPEN",,,,
272,K8TB,147.100000,+,0.600000,TSQL,88.5,94.8,023,NN,023,Tone->Tone,FM,5.00,,50W,"K8TB near Jenison, Ottawa County, Michigan OPEN",,,,
273,Ferris State University,443.900000,+,5.000000,,88.5,88.5,023,NN,023,Tone->Tone,FM,5.00,,50W,"KB8QOI near Big Rapids, Mecosta County, Michigan OPEN",,,,
274,W8IRA,145.290000,-,0.600000,Tone,94.8,88.5,023,NN,023,Tone->Tone,FM,5.00,,50W,"W8IRA near Big Rapids, Mecosta County, Michigan OPEN",,,,
275,KD8RXD,442.212500,+,5.000000,,88.5,88.5,023,NN,023,Tone->Tone,DMR,12.50,,50W,"KD8RXD near Kent City, Kent County, Michigan OPEN c-Bridge partner with DMR-MARC",,,,
276,N9KOP,145.350000,-,0.600000,,88.5,88.5,023,NN,023,Tone->Tone,FM,5.00,,50W,"N9KOP near Mio, Oscoda County, Michigan OPEN",,,,
277,K8DDX,444.975000,+,5.000000,Tone,103.5,88.5,023,NN,023,Tone->Tone,DN,5.00,,50W,"K8DDX near Mio, Oscoda County, Michigan OPEN",,,,
278,AC8RC,147.240000,+,0.600000,TSQL,88.5,94.8,023,NN,023,Tone->Tone,FM,5.00,,50W,"AC8RC near Allegan, Allegan County, Michigan OPEN",,,,
279,K8TB,442.250000,+,5.000000,TSQL,88.5,94.8,023,NN,023,Tone->Tone,DN,5.00,,50W,"K8TB near Hudsonville, Ottawa County, Michigan OPEN",,,,
280,K8IHY,444.900000,+,5.000000,Tone,94.8,88.5,023,NN,023,Tone->Tone,FM,5.00,,50W,"K8IHY near Hudsonville, Ottawa County, Michigan OPEN",,,,
281,N8QOP,145.450000,-,0.600000,TSQL,88.5,141.3,023,NN,023,Tone->Tone,FM,5.00,,50W,"N8QOP near Roscommon, Roscommon County, Michigan OPEN",,,,
282,N8QOP,443.100000,+,5.000000,TSQL,88.5,146.2,023,NN,023,Tone->Tone,FM,5.00,,50W,"N8QOP near Roscommon, Roscommon County, Michigan OPEN",,,,
283,AC8DX,147.200000,+,0.600000,Tone,94.8,88.5,023,NN,023,Tone->Tone,FM,5.00,,50W,"AC8DX near Gobles, Van Buren County, Michigan OPEN",,,,
284,WDEE Tower,146.740000,-,0.600000,,88.5,88.5,023,NN,023,Tone->Tone,FM,5.00,,50W,"KB8QOI near Big Rapids, Mecosta County, Michigan OPEN",,,,
285,N8GH,444.475000,+,5.000000,TSQL,88.5,94.8,023,NN,023,Tone->Tone,FM,5.00,,50W,"N8GH near Lawton, Van Buren County, Michigan OPEN",,,,
286,N9KOP,146.700000,-,0.600000,TSQL,88.5,103.5,023,NN,023,Tone->Tone,FM,5.00,,50W,"N9KOP near Mio, Oscoda County, Michigan OPEN",,,,
287,W8CMN,444.700000,+,5.000000,,88.5,88.5,023,NN,023,Tone->Tone,DMR,5.00,,50W,"W8CMN near Mio, Oscoda County, Michigan OPEN",,,,
288,MSP,145.340000,-,0.600000,,88.5,88.5,023,NN,023,Tone->Tone,DV,5.00,,50W,"W8VY near Paw Paw, Van Buren County, Michigan OPEN",,,,
289,W8FSM,443.925000,+,5.000000,,88.5,88.5,023,NN,023,Tone->Tone,DMR,5.00,,50W,"W8FSM near Hamilton, Allegan County, Michigan OPEN c-Bridge partner with DMR-MARC",,,,
290,N8FYZ,145.170000,-,0.600000,TSQL,88.5,94.8,023,NN,023,Tone->Tone,FM,5.00,,50W,"N8FYZ near Paw Paw, Van Buren County, Michigan OPEN",,,,
291,Maike Fire LO,145.450000,-,0.600000,TSQL,88.5,94.8,023,NN,023,Tone->Tone,DN,5.00,,50W,"KB8IFE near White Cloud, Newaygo County, Michigan OPEN",,,,
292,Maike Fire LO,444.975000,+,5.000000,TSQL,88.5,94.8,023,NN,023,Tone->Tone,DN,5.00,,50W,"KB8IFE near White Cloud, Newaygo County, Michigan OPEN",,,,
293,KD8CAO,445.500000,-,5.000000,Tone,94.8,88.5,023,NN,023,Tone->Tone,FM,5.00,,50W,"KD8CAO near Zeeland, Ottawa County, Michigan OPEN",,,,
294,MSP,444.075000,+,5.000000,,88.5,88.5,023,NN,023,Tone->Tone,DV,5.00,,50W,"W8VY near Paw Paw, Van Buren County, Michigan OPEN",,,,
295,KC8MSE,146.920000,-,0.600000,Tone,94.8,88.5,023,NN,023,Tone->Tone,FM,5.00,,50W,"KC8MSE near Fremont, Newaygo County, Michigan OPEN",,,,
296,K8DAA,146.500000,+,1.000000,TSQL,88.5,94.8,023,NN,023,Tone->Tone,FM,5.00,,50W,"K8DAA near Holland, Ottawa County, Michigan OPEN",,,,
297,K8DAA,147.060000,+,0.600000,Tone,94.8,88.5,023,NN,023,Tone->Tone,FM,5.00,,50W,"K8DAA near Holland, Ottawa County, Michigan OPEN",,,,
298,K8DAA,443.825000,+,5.000000,TSQL,88.5,94.8,023,NN,023,Tone->Tone,FM,5.00,,50W,"K8DAA near Holland, Ottawa County, Michigan OPEN",,,,
299,Hospital,443.887500,+,5.000000,,88.5,88.5,023,NN,023,Tone->Tone,DMR,12.50,,50W,"K8DAA near Holland, Ottawa County, Michigan OPEN",,,,
300,N8XPQ,444.800000,+,5.000000,TSQL,88.5,103.5,023,NN,023,Tone->Tone,DN,5.00,,50W,"N8XPQ near Holland, Ottawa County, Michigan OPEN Connected full-time to WM-CONNECT WiRES-X Room# 21335",,,,
301,N8AHZ,145.130000,-,0.600000,TSQL,88.5,107.2,023,NN,023,Tone->Tone,DN,5.00,,50W,"N8AHZ near Grayling, Crawford County, Michigan OPEN",,,,
302,K8BRC,147.360000,+,0.600000,TSQL,88.5,94.8,023,NN,023,Tone->Tone,FM,5.00,,50W,"K8BRC near Bangor, Van Buren County, Michigan OPEN Anyone is welcome to join our nets. Club meetings are the second Saturday of each month. See website for more information.",,,,
303,K8OEC,443.575000,+,5.000000,,88.5,88.5,023,NN,023,Tone->Tone,DMR,5.00,,50W,"K8OEC near West Olive, Ottawa County, Michigan OPEN c-Bridge partner with DMR-MARC",,,,
304,K8BRC,444.300000,+,5.000000,TSQL,88.5,94.8,023,NN,023,Tone->Tone,DN,5.00,,50W,"K8BRC near Bangor, Van Buren County, Michigan OPEN",,,,
305,W8CT,444.825000,+,5.000000,,88.5,88.5,023,NN,023,Tone->Tone,DN,5.00,,50W,"W8CT near Cadillac, Wexford County, Michigan OPEN",,,,
306,K8CAD,146.980000,-,0.600000,,88.5,88.5,023,NN,023,Tone->Tone,FM,5.00,,50W,"K8CAD near Cadillac, Wexford County, Michigan OPEN One mile north of TV-9 tower.",,,,
307,W8IRA,147.160000,+,0.600000,Tone,103.5,88.5,023,NN,023,Tone->Tone,FM,5.00,,50W,"W8IRA near Cadillac, Wexford County, Michigan OPEN",,,,
308,W8MAB,147.210000,+,0.600000,,88.5,88.5,023,NN,023,Tone->Tone,FM,5.00,,50W,"W8MAB near Bitely, Newaygo County, Michigan OPEN",,,,
309,AC8GN,146.960000,-,0.600000,TSQL,88.5,94.8,023,NN,023,Tone->Tone,FM,5.00,,50W,"AC8GN near Saugatuck, Allegan County, Michigan OPEN",,,,
310,AC8GN,442.700000,+,5.000000,Cross,88.5,94.8,023,NN,023,->Tone,FM,5.00,,50W,"AC8GN near Saugatuck, Allegan County, Michigan OPEN",,,,
311,N8VPZ,146.920000,-,0.600000,TSQL,88.5,156.7,023,NN,023,Tone->Tone,FM,5.00,,50W,"N8VPZ near Cassopolis, Cass County, Michigan OPEN Backup repeater to KU8Y 145.210 for Cass county RACES/Skywarn",,,,
312,WD8MKG,147.320000,+,0.600000,TSQL,88.5,91.5,023,NN,023,Tone->Tone,FM,5.00,,50W,"WD8MKG near Holton, Muskegon County, Michigan OPEN Non-club affiliated repeater opened to all licensed amateur radio operators.",,,,
313,Manning Hill,146.760000,-,0.600000,Tone,88.5,88.5,023,NN,023,Tone->Tone,FM,5.00,,50W,"K8PA near Alpena, Alpena County, Michigan OPEN",,,,
314,W6GVS,146.500000,+,1.000000,TSQL,88.5,94.8,023,NN,023,Tone->Tone,FM,5.00,,50W,"W6GVS near Dowagiac, Cass County, Michigan OPEN",,,,
315,W8CSO,145.490000,-,0.600000,TSQL,88.5,94.8,023,NN,023,Tone->Tone,DN,5.00,,50W,"W8CSO near Grand Haven, Ottawa County, Michigan OPEN Local Net - Tuesday, 8pm West Michigan K8SN Emergency Communications Net - Wednesday, 8pm",,,,
316,W8CSO,443.775000,+,5.000000,Tone,94.8,88.5,023,NN,023,Tone->Tone,DN,5.00,,50W,"W8CSO near Grand Haven, Ottawa County, Michigan OPEN",,,,
317,Wolf Lake,146.900000,-,0.600000,TSQL,88.5,94.8,023,NN,023,Tone->Tone,DN,5.00,,50W,"AF8U near Baldwin, Lake County, Michigan OPEN",,,,
318,N8UKF,443.200000,+,5.000000,,88.5,88.5,023,NN,023,Tone->Tone,DN,5.00,,50W,"N8UKF near Norton Shores, Muskegon County, Michigan OPEN",,,,
319,W8MAI,146.820000,-,0.600000,TSQL,88.5,88.5,023,NN,023,Tone->Tone,FM,5.00,,50W,"W8MAI near Sister Lakes, Van Buren County, Michigan OPEN",,,,
320,W8IRA,145.330000,-,0.600000,Tone,94.8,88.5,023,NN,023,Tone->Tone,FM,5.00,,50W,"W8IRA near Muskegon, Muskegon County, Michigan OPEN",,,,
321,K8WNJ,146.820000,-,0.600000,Tone,94.8,88.5,023,NN,023,Tone->Tone,FM,5.00,,50W,"K8WNJ near Muskegon, Muskegon County, Michigan OPEN",,,,
322,W8ZHO,146.940000,-,0.600000,Tone,94.8,88.5,023,NN,023,Tone->Tone,FM,5.00,,50W,"W8ZHO near Muskegon, Muskegon County, Michigan OPEN Hometown Radio Club - Muskegon Area Amateur Radio Council",,,,
323,N8KQQ,224.700000,-,1.600000,Tone,94.8,88.5,023,NN,023,Tone->Tone,FM,5.00,,50W,"N8KQQ near Muskegon, Muskegon County, Michigan OPEN",,,,
324,N8UKF,442.300000,+,5.000000,,88.5,88.5,023,NN,023,Tone->Tone,DN,5.00,,50W,"N8UKF near Muskegon, Muskegon County, Michigan OPEN Repeater is linked to FCS Reflector 4 - Room 034",,,,
325,N8KQQ,442.950000,+,5.000000,Tone,94.8,88.5,023,NN,023,Tone->Tone,FM,5.00,,50W,"N8KQQ near Muskegon, Muskegon County, Michigan OPEN",,,,
326,W8ZHO,444.550000,+,5.000000,Tone,94.8,88.5,023,NN,023,Tone->Tone,FM,5.00,,50W,"W8ZHO near Muskegon, Muskegon County, Michigan OPEN",,,,
327,K8WNJ,444.950000,+,5.000000,Tone,94.8,88.5,023,NN,023,Tone->Tone,FM,5.00,,50W,"K8WNJ near Muskegon, Muskegon County, Michigan OPEN",,,,
328,Downtown,145.360000,-,0.600000,,88.5,88.5,023,NN,023,Tone->Tone,DV,5.00,,50W,"K8WNJ near Muskegon, Muskegon County, Michigan OPEN",,,,
329,Downtown,444.012500,+,5.000000,,88.5,88.5,023,NN,023,Tone->Tone,DV,12.50,,50W,"K8WNJ near Muskegon, Muskegon County, Michigan OPEN",,,,
330,KE8LZ,147.380000,+,0.600000,,88.5,88.5,023,NN,023,Tone->Tone,DN,5.00,,50W,"KE8LZ near Muskegon, Muskegon County, Michigan OPEN",,,,
331,W8MAI,444.700000,+,5.000000,TSQL,88.5,97.4,023,NN,023,Tone->Tone,FM,5.00,,50W,"W8MAI near Sister Lakes, Van Buren County, Michigan OPEN",,,,
332,NW8J,145.430000,-,0.600000,Tone,94.8,88.5,023,NN,023,Tone->Tone,FM,5.00,,50W,"NW8J near Walkerville, Oceana County, Michigan OPEN",,,,
333,KE8GVB,442.825000,+,5.000000,,88.5,88.5,023,NN,023,Tone->Tone,DV,5.00,,50W,"KE8GVB near Sumnerville, Berrien County, Michigan OPEN Not internet connected",,,,
334,KE8GVB,145.140000,-,0.600000,,88.5,88.5,023,NN,023,Tone->Tone,DV,5.00,,50W,"KE8GVB near Sumnerville, Berrien County, Michigan OPEN",,,,
335,K7IOU,224.740000,-,1.600000,Tone,136.5,88.5,023,NN,023,Tone->Tone,FM,5.00,,50W,"K7IOU near Gaylord, Otsego County, Michigan OPEN",,,,
336,KC8BRS,147.180000,+,0.600000,Tone,94.8,88.5,023,NN,023,Tone->Tone,FM,5.00,,50W,"KC8BRS near Niles, Berrien County, Michigan OPEN",,,,
337,City of Muskegon,52.800000,-,0.500000,TSQL,88.5,94.8,023,NN,023,Tone->Tone,FM,5.00,,50W,"K8COP near Muskegon, Muskegon County, Michigan OPEN",,,,
338,Camp Hardy,146.680000,-,0.600000,TSQL,88.5,94.8,023,NN,023,Tone->Tone,FM,5.00,,50W,"W8AOR near Whitehall, Muskegon County, Michigan OPEN",,,,
339,Camp Hardy,443.250000,+,5.000000,TSQL,88.5,94.8,023,NN,023,Tone->Tone,FM,5.00,,50W,"W8AOR near Whitehall, Muskegon County, Michigan OPEN",,,,
340,W8KAL,52.820000,-,0.500000,,88.5,88.5,023,NN,023,Tone->Tone,FM,5.00,,50W,"W8KAL near Kalkaska, Kalkaska County, Michigan OPEN",,,,
341,AA8ZV,147.300000,+,0.600000,Tone,123.0,88.5,023,NN,023,Tone->Tone,FM,5.00,,50W,"AA8ZV near Kalkaska, Kalkaska County, Michigan OPEN",,,,
342,NM8RC,146.820000,-,0.600000,Tone,118.8,88.5,023,NN,023,Tone->Tone,FM,5.00,,50W,"NM8RC near Gaylord, Otsego County, Michigan OPEN",,,,
343,KD8QCC,444.037500,+,5.000000,,88.5,88.5,023,NN,023,Tone->Tone,DV,12.50,,50W,"KD8QCC near Gaylord, Otsego County, Michigan OPEN",,,,
344,W8MAI,442.275000,+,5.000000,,88.5,88.5,023,NN,023,Tone->Tone,DV,5.00,,50W,"W8MAI near Saint Joseph, Berrien County, Michigan OPEN",,,,
345,N8JNA,147.120000,+,0.600000,TSQL,88.5,151.4,023,NN,023,Tone->Tone,DN,5.00,,50W,"N8JNA near Gaylord, Otsego County, Michigan OPEN WIRES-X capable.",,,,
346,W8QPO,147.100000,+,0.600000,TSQL,88.5,114.8,023,NN,023,Tone->Tone,FM,5.00,,50W,"W8QPO near Sherman, Grand Traverse County, Michigan OPEN This Repeater has scheduled times of Analog only operation. Saturdays for an FM net from 8:00 to 9:30 P.M.  Wires-x and linking will be off during this time. Analog only during these times please.",,,,
347,K8WQK,442.800000,+,5.000000,Tone,110.9,88.5,023,NN,023,Tone->Tone,DN,5.00,,50W,"K8WQK near Mancelona, Antrim County, Michigan OPEN",,,,
348,KB8VIM,146.720000,-,0.600000,TSQL,88.5,131.8,023,NN,023,Tone->Tone,FM,5.00,,50W,"KB8VIM near Saint Joseph, Berrien County, Michigan OPEN",,,,
349,W8VTM,443.675000,+,5.000000,Tone,94.8,88.5,023,NN,023,Tone->Tone,DN,5.00,,50W,"W8VTM near Hart, Oceana County, Michigan OPEN",,,,
350,K8WQK,147.380000,+,0.600000,Tone,107.2,88.5,023,NN,023,Tone->Tone,FM,5.00,,50W,"K8WQK near Mancelona, Antrim County, Michigan OPEN",,,,
351,N8UKH,146.640000,-,0.600000,TSQL,88.5,94.8,023,NN,023,Tone->Tone,DN,5.00,,50W,"N8UKH near Hart, Oceana County, Michigan OPEN",,,,
352,W8IRA,145.290000,-,0.600000,Tone,103.5,88.5,023,NN,023,Tone->Tone,FM,5.00,,50W,"W8IRA near Vanderbilt, Otsego County, Michigan OPEN",,,,
353,NM8ES,145.320000,-,0.600000,,88.5,88.5,023,NN,023,Tone->Tone,DV,5.00,,50W,"NM8ES near Elmira, Otsego County, Michigan OPEN",,,,
354,NM8ES,444.112500,+,5.000000,,88.5,88.5,023,NN,023,Tone->Tone,DV,12.50,,50W,"NM8ES near Elmira, Otsego County, Michigan OPEN",,,,
355,Mt Holiday,146.960000,-,0.600000,TSQL,88.5,114.8,023,NN,023,Tone->Tone,FM,5.00,,50W,"KD8REH near Traverse City, Grand Traverse County, Michigan OPEN",,,,
356,W8MAI,442.775000,+,5.000000,TSQL,88.5,88.5,023,NN,023,Tone->Tone,FM,5.00,,50W,"W8MAI near Bridgman, Berrien County, Michigan OPEN Repeater will be linked to the 146.82 MHz W8MAI repeater at a later date.",,,,
357,WB8TQZ,147.020000,+,0.600000,Tone,103.5,88.5,023,NN,023,Tone->Tone,FM,5.00,,50W,"WB8TQZ near Rogers City, Presque Isle County, Michigan OPEN",,,,
358,KF9C,145.170000,-,0.600000,Tone,94.8,88.5,023,NN,023,Tone->Tone,FM,5.00,,50W,"KF9C near Kaleva, Manistee County, Michigan OPEN",,,,
359,W8IRA,145.150000,-,0.600000,Tone,114.8,88.5,023,NN,023,Tone->Tone,FM,5.00,,50W,"W8IRA near Traverse City, Grand Traverse County, Michigan OPEN",,,,
360,W8TVC,145.270000,-,0.600000,Tone,114.8,88.5,023,NN,023,Tone->Tone,FM,5.00,,50W,"W8TVC near Traverse City, Grand Traverse County, Michigan OPEN",,,,
361,W8QPO,442.900000,+,5.000000,Tone,114.8,88.5,023,NN,023,Tone->Tone,FM,5.00,,50W,"W8QPO near Traverse City, Grand Traverse County, Michigan OPEN",,,,
362,KJ4KFJ,443.000000,+,5.000000,Tone,114.8,88.5,023,NN,023,Tone->Tone,FM,5.00,,50W,"KJ4KFJ near Traverse City, Grand Traverse County, Michigan OPEN",,,,
363,K8DXF,145.470000,-,0.600000,Tone,103.5,88.5,023,NN,023,Tone->Tone,FM,5.00,,50W,"K8DXF near Ludington, Mason County, Michigan OPEN",,,,
364,Munson Med Ctr,147.260000,+,0.600000,TSQL,88.5,114.8,023,NN,023,Tone->Tone,FM,5.00,,50W,"N8DMH near Traverse City, Grand Traverse County, Michigan OPEN",,,,
365,Munson Med Ctr,444.350000,+,5.000000,TSQL,88.5,107.2,023,NN,023,Tone->Tone,DMR,5.00,,50W,"N8DMH near Traverse City, Grand Traverse County, Michigan OPEN Linked to YSF reflector 09152 US-N8DMH-YSF Feel Free to use and have fun. Linked to 442.2875 In Leelanau County, 443.375 In Stutsmanville, 146.740 in Cheboygan County, 145.11 in Downtown Mackinaw City. Spectrum Internet for linking, Failover to Starlink if Spectrum fails.",,,,
366,KD8OXV,443.312500,+,5.000000,,88.5,88.5,023,NN,023,Tone->Tone,DMR,12.50,,50W,"KD8OXV near Traverse City, Grand Traverse County, Michigan OPEN",,,,
367,W8IRA,145.310000,-,0.600000,Tone,94.8,88.5,023,NN,023,Tone->Tone,FM,5.00,,50W,"W8IRA near Ludington, Mason County, Michigan OPEN",,,,
368,WB8ERN,146.620000,-,0.600000,Tone,94.8,88.5,023,NN,023,Tone->Tone,FM,5.00,,50W,"WB8ERN near Ludington, Mason County, Michigan OPEN",,,,
369,W8TCM,146.860000,-,0.600000,TSQL,88.5,114.8,023,NN,023,Tone->Tone,FM,5.00,,50W,"W8TCM near Traverse City, Grand Traverse County, Michigan OPEN",,,,
370,W8TCM,442.500000,+,5.000000,,88.5,88.5,023,NN,023,Tone->Tone,DMR,5.00,,50W,"W8TCM near Traverse City, Grand Traverse County, Michigan OPEN DMR repeater. Timeslot 1 - TGIF Network Timeslot 2 - Brandmeister Mi5 C-Bridge. See Mi5.cc for details on Mi5 talkgroups.",,,,
371,KF8KK,444.725000,+,5.000000,TSQL,88.5,114.8,023,NN,023,Tone->Tone,DN,5.00,,50W,"KF8KK near Glen Arbor, Leelanau County, Michigan OPEN",,,,
372,Crystal Mtn,147.040000,+,0.600000,TSQL,88.5,114.8,023,NN,023,Tone->Tone,DN,5.00,,50W,"W8BNZ near Thompsonville, Benzie County, Michigan OPEN",,,,
373,Fire Dept,442.287500,+,5.000000,TSQL,88.5,114.8,023,NN,023,Tone->Tone,DN,12.50,,50W,"N8DMH near Traverse City, Grand Traverse County, Michigan OPEN",,,,
374,W8GJX,146.780000,-,0.600000,TSQL,88.5,94.8,023,NN,023,Tone->Tone,FM,5.00,,50W,"W8GJX near Manistee, Manistee County, Michigan OPEN",,,,
375,W8COL,147.280000,+,0.600000,TSQL,88.5,103.5,023,NN,023,Tone->Tone,FM,5.00,,50W,"W8COL near East Jordan, Charlevoix County, Michigan OPEN",,,,
376,W8CCE,146.740000,-,0.600000,Tone,103.5,88.5,023,NN,023,Tone->Tone,FM,5.00,,50W,"W8CCE near Cheboygan, Cheboygan County, Michigan OPEN Full-time Allstar linked to the 443.375 in Petoskey, the 145.11 in Mackinaw City and the 444.350 in Traverse City",,,,
377,W8CCE,443.375000,+,5.000000,,88.5,88.5,023,NN,023,Tone->Tone,DMR,5.00,,50W,"W8CCE near Petoskey, Emmet County, Michigan OPEN",,,,
378,W8CCE,145.190000,-,0.600000,TSQL,88.5,103.5,023,NN,023,Tone->Tone,FM,5.00,,50W,"W8CCE near Petoskey, Emmet County, Michigan OPEN",,,,
379,Sheriff Dept,147.140000,+,0.600000,TSQL,88.5,103.5,023,NN,023,Tone->Tone,FM,5.00,,50W,"WD8DX near Lake Leelanau, Leelanau County, Michigan OPEN",,,,
380,N8OCX,442.250000,+,5.000000,TSQL,88.5,114.8,023,NN,023,Tone->Tone,FM,5.00,,50W,"N8OCX near Lake Leelanau, Leelanau County, Michigan OPEN",,,,
381,W8FSM,442.087500,+,5.000000,,88.5,88.5,023,NN,023,Tone->Tone,DMR,12.50,,50W,"W8FSM near Alanson, Emmet County, Michigan OPEN c-Bridge partner with DMR-MARC",,,,
382,WD8DX,147.220000,+,0.600000,TSQL,88.5,151.4,023,NN,023,Tone->Tone,FM,5.00,,50W,"WD8DX near Northport, Leelanau County, Michigan OPEN",,,,
383,W8GQN,146.680000,-,0.600000,TSQL,88.5,110.9,023,NN,023,Tone->Tone,FM,5.00,,50W,"W8GQN near Stutsmanville, Emmet County, Michigan OPEN",,,,
384,WB8DEL,224.560000,-,1.600000,Tone,100.0,88.5,023,NN,023,Tone->Tone,FM,5.00,,50W,"WB8DEL near Stutsmanville, Emmet County, Michigan OPEN",,,,
385,WB8DEL,444.850000,+,5.000000,Tone,100.0,88.5,023,NN,023,Tone->Tone,FM,5.00,,50W,"WB8DEL near Cheboygan, Cheboygan County, Michigan OPEN",,,,
386,W8AGB,145.110000,-,0.600000,TSQL,88.5,103.5,023,NN,023,Tone->Tone,FM,5.00,,50W,"W8AGB near Mackinaw City, Cheboygan County, Michigan OPEN",,,,
387,W8AGB,444.375000,+,5.000000,,88.5,88.5,023,NN,023,Tone->Tone,DMR,5.00,,50W,"W8AGB near Mackinaw City, Cheboygan County, Michigan OPEN",,,,
388,W8EUP,146.640000,-,0.600000,TSQL,88.5,107.2,023,NN,023,Tone->Tone,FM,5.00,,50W,"W8EUP near Pickford, Chippewa County, Michigan OPEN",,,,
389,KC8ZGB,145.370000,-,0.600000,,88.5,88.5,023,NN,023,Tone->Tone,FM,5.00,,50W,"KC8ZGB near Kincheloe, Chippewa County, Michigan OPEN",,,,
390,Water Tower,145.430000,-,0.600000,TSQL,88.5,107.2,023,NN,023,Tone->Tone,FM,5.00,,50W,"KE8FJW near Sault Ste Marie, Chippewa County, Michigan OPEN",,,,
391,Water Tower,442.425000,+,5.000000,TSQL,88.5,107.2,023,NN,023,Tone->Tone,DN,5.00,,50W,"KE8FJW near Sault Ste Marie, Chippewa County, Michigan OPEN",,,,
392,Water Tower,444.137500,+,5.000000,,88.5,88.5,023,NN,023,Tone->Tone,DMR,12.50,,50W,"KE8FJW near Sault Ste Marie, Chippewa County, Michigan OPEN",,,,
393,W8NBY,444.037500,+,5.000000,,88.5,88.5,023,NN,023,Tone->Tone,DV,12.50,,50W,"W8NBY near Engadine, Mackinac County, Michigan OPEN",,,,
394,LSSU,147.210000,+,0.600000,TSQL,88.5,107.2,023,NN,023,Tone->Tone,FM,5.00,,50W,"W8EUP near Sault Ste Marie, Chippewa County, Michigan OPEN",,,,
395,W8NBY,147.390000,+,0.600000,Tone,114.8,88.5,023,NN,023,Tone->Tone,FM,5.00,,50W,"W8NBY near Engadine, Mackinac County, Michigan OPEN",,,,
396,McNearny Lake,147.330000,+,0.600000,TSQL,88.5,107.2,023,NN,023,Tone->Tone,FM,5.00,,50W,"W8EUP near Strongs, Chippewa County, Michigan OPEN",,,,
397,W8NBY,146.610000,-,0.600000,TSQL,88.5,114.8,023,NN,023,Tone->Tone,FM,5.00,,50W,"W8NBY near Newberry, Luce County, Michigan OPEN",,,,
398,KF8BRW,146.700000,-,0.600000,Tone,110.9,88.5,023,NN,023,Tone->Tone,FM,5.00,,50W,"KF8BRW near Cooks, Schoolcraft County, Michigan OPEN",,,,
399,K9STT,224.600000,-,1.600000,TSQL,88.5,141.3,023,NN,023,Tone->Tone,FM,5.00,,50W,"K9STT near Menominee, Menominee County, Michigan OPEN",,,,
400,W8PIF,444.075000,+,5.000000,TSQL,88.5,107.2,023,NN,023,Tone->Tone,DN,5.00,,50W,"W8PIF near Menominee, Menominee County, Michigan OPEN",,,,
401,W8PIF,147.000000,+,0.600000,Tone,107.2,88.5,023,NN,023,Tone->Tone,FM,5.00,,50W,"W8PIF near Menominee, Menominee County, Michigan OPEN",,,,
402,KB9BQX,145.130000,-,0.600000,,88.5,88.5,023,NN,023,Tone->Tone,FM,5.00,,50W,"KB9BQX near Escanaba, Delta County, Michigan OPEN",,,,
403,N8JWT,147.240000,+,0.600000,TSQL,88.5,123.0,023,NN,023,Tone->Tone,FM,5.00,,50W,"N8JWT near Escanaba, Delta County, Michigan OPEN",,,,
404,K8PL,147.150000,+,0.600000,Tone,100.0,88.5,023,NN,023,Tone->Tone,DN,5.00,,50W,"K8PL near Escanaba, Delta County, Michigan OPEN",,,,
405,W8NBY,147.090000,+,0.600000,,88.5,88.5,023,NN,023,Tone->Tone,FM,5.00,,50W,"W8NBY near Pine Stump Junction, Luce County, Michigan OPEN",,,,
406,KC8BAN,145.410000,-,0.600000,TSQL,88.5,100.0,023,NN,023,Tone->Tone,FM,5.00,,50W,"KC8BAN near Wetmore, Alger County, Michigan OPEN",,,,
407,Holiday Gas Station,446.100000,,0.000000,Tone,100.0,88.5,023,NN,023,Tone->Tone,FM,5.00,,50W,"WB8Q near Wetmore, Alger County, Michigan OPEN Linked to FM38 Wisconsin System (www.fm38.org)",,,,
408,W8FYZ,147.030000,+,0.600000,Tone,100.0,88.5,023,NN,023,Tone->Tone,FM,5.00,,50W,"W8FYZ near Trenary, Alger County, Michigan OPEN",,,,
409,K8LOD,146.640000,-,0.600000,TSQL,88.5,100.0,023,NN,023,Tone->Tone,FM,5.00,,50W,"K8LOD near Gwinn, Marquette County, Michigan OPEN",,,,
410,Iron Mtn,146.850000,-,0.600000,TSQL,88.5,110.9,023,NN,023,Tone->Tone,DN,5.00,,50W,"KC8VC near Kingsford, Dickinson County, Michigan OPEN Can be linked to 70-CM.",,,,
411,KC8VC,444.850000,+,5.000000,Tone,100.0,88.5,023,NN,023,Tone->Tone,FM,5.00,,50W,"KC8VC near Iron Mountain, Dickinson County, Michigan OPEN Tied into the UP Linked System via UHF Remote Base.",,,,
412,KE8IL,146.970000,-,0.600000,TSQL,88.5,100.0,023,NN,023,Tone->Tone,FM,5.00,,50W,"KE8IL near Marquette, Marquette County, Michigan OPEN Sunday evening Echolink System on.",,,,
413,KB0P,442.200000,+,5.000000,,88.5,88.5,023,NN,023,Tone->Tone,DMR,5.00,,50W,"KB0P near Marquette, Marquette County, Michigan OPEN",,,,
414,K8LOD,146.820000,-,0.600000,TSQL,88.5,100.0,023,NN,023,Tone->Tone,FM,5.00,,50W,"K8LOD near Republic, Marquette County, Michigan OPEN",,,,
415,Cliffs Shaft Museum,146.910000,-,0.600000,Cross,88.5,100.0,023,NN,023,->Tone,FM,5.00,,50W,"K8LOD near Ishpeming, Marquette County, Michigan OPEN No PL tone required to access repeater. However, the repeater transmits a 100.0 Hz PL on the output to allow users to utilize PL decode on their radio to block out local interference.",,,,
416,K8LOD,147.270000,+,0.600000,TSQL,88.5,100.0,023,NN,023,Tone->Tone,FM,5.00,,50W,"K8LOD near Marquette, Marquette County, Michigan OPEN Part of a 6-repeater RF linked system.",,,,
417,K8LOD,443.450000,+,5.000000,TSQL,88.5,100.0,023,NN,023,Tone->Tone,FM,5.00,,50W,"K8LOD near Marquette, Marquette County, Michigan CLOSED This is a linked HUB; not for standard use. Linked to 6 repeaters in Marquette and Alger Counties.",,,,
418,Courthouse,145.230000,-,0.600000,TSQL,88.5,107.2,023,NN,023,Tone->Tone,DN,5.00,,50W,"N8LVQ near Crystal Falls, Iron County, Michigan OPEN",,,,
419,NZ8U,147.090000,+,0.600000,,88.5,88.5,023,NN,023,Tone->Tone,FM,5.00,,50W,"NZ8U near Republic, Marquette County, Michigan OPEN",,,,
420,Ski Brule Mtn,444.175000,+,5.000000,Tone,107.2,88.5,023,NN,023,Tone->Tone,FM,5.00,,50W,"N8LVQ near Iron River, Iron County, Michigan OPEN",,,,
421,Ski Brule Mtn,145.170000,-,0.600000,TSQL,88.5,107.2,023,NN,023,Tone->Tone,DN,5.00,,50W,"N8LVQ near Iron River, Iron County, Michigan OPEN Several linked repeaters to Yooper Net Room",,,,
422,KE8CPN,147.375000,+,0.600000,Tone,100.0,88.5,023,NN,023,Tone->Tone,FM,5.00,,50W,"KE8CPN near L'Anse, Baraga County, Michigan OPEN",,,,
423,N8ZED,147.345000,+,0.600000,Tone,100.0,88.5,023,NN,023,Tone->Tone,DN,5.00,,50W,"N8ZED near Baraga, Baraga County, Michigan OPEN",,,,
424,Wadsworth Hall,444.500000,+,5.000000,TSQL,88.5,103.5,023,NN,023,Tone->Tone,DMR,5.00,,50W,"W8YY near Houghton, Houghton County, Michigan OPEN",,,,
425,Michigan Tech,146.600000,-,0.600000,Tone,100.0,88.5,023,NN,023,Tone->Tone,FM,5.00,,50W,"W8YY near Houghton, Houghton County, Michigan OPEN",,,,
426,W8CDZ,146.670000,-,0.600000,Tone,100.0,88.5,023,NN,023,Tone->Tone,FM,5.00,,50W,"W8CDZ near Donken, Houghton County, Michigan OPEN",,,,
427,W8UXG,146.730000,-,0.600000,Tone,100.0,88.5,023,NN,023,Tone->Tone,FM,5.00,,50W,"W8UXG near Winona, Houghton County, Michigan OPEN",,,,
428,College Avenue,447.120000,,0.000000,TSQL,88.5,67.0,023,NN,023,Tone->Tone,FM,5.00,,50W,"W3TLP near Houghton, Houghton County, Michigan OPEN",,,,
429,N8WAV,147.390000,+,0.600000,Tone,100.0,88.5,023,NN,023,Tone->Tone,FM,5.00,,50W,"N8WAV near Houghton, Houghton County, Michigan OPEN",,,,
430,Calumet Air Force Station,444.750000,+,5.000000,,88.5,88.5,023,NN,023,Tone->Tone,DMR,5.00,,50W,"W8YY near Phoenix, Keweenaw County, Michigan OPEN Time Slot #1  Group call 9061 = Wide 1 Time Slot #1  Group call 9063 = local to CAFS Time Slot #2  Group call 9062 = Wide 2 (where members of the club hangout most of the time) Time Slot #2  Group call 9064 = local to CAFS",,,,
431,Mt Horace Greeley,147.315000,+,0.600000,TSQL,88.5,100.0,023,NN,023,Tone->Tone,FM,5.00,,50W,"W8FWG near Calumet, Keweenaw County, Michigan OPEN",,,,
432,W8CDZ,146.880000,-,0.600000,TSQL,88.5,100.0,023,NN,023,Tone->Tone,FM,5.00,,50W,"W8CDZ near Calumet, Keweenaw County, Michigan OPEN",,,,
433,AA8YF,147.300000,+,0.600000,Tone,100.0,88.5,023,NN,023,Tone->Tone,FM,5.00,,50W,"AA8YF near White Pine, Ontonagon County, Michigan OPEN",,,,
434,Blackjack Mtn,146.760000,-,0.600000,TSQL,88.5,110.9,023,NN,023,Tone->Tone,FM,5.00,,50W,"K8ATX near Bessemer, Gogebic County, Michigan OPEN",,,,
435,W9RCG,443.125000,+,5.000000,,88.5,88.5,023,NN,023,Tone->Tone,DMR,5.00,,50W,"W9RCG near Bessemer, Gogebic County, Michigan OPEN This is a c-Bridge repeater with limited connectivity to BrandMeister DMR Network",,,,
436,WX8NWS,446.025000,,0.000000,Cross,88.5,88.5,351,NN,023,DTCS->,DMR,5.00,,50W,"WX8NWS near Ironwood, Gogebic County, Michigan OPEN",,,,
