Site Name,Zone
Bancroft,Flint/Saginaw
Bay City,Flint/Saginaw
Burnside,Thumb Area
Byron Center,Grand Rapids Area
Cass City,Thumb Area
Dansville,Lansing Area
Detroit,Detroit Area
Fenton,Flint/Saginaw
Flint,Flint/Saginaw
Frankenmuth,Flint/Saginaw
Grand Haven,Lakeshore
Grand Rapids,Grand Rapids Area
Grass Lake,Ann Arbor Area
Greenville,Grand Rapids Area
Hackleburg,Northern Michigan
Hamilton,Lakeshore
James TWP,Flint/Saginaw
Lansing,Lansing Area
Lincoln,Northern Michigan
Lowell,Grand Rapids Area
Mackinaw/Levering,Northern Michigan
Mayville,Thumb Area
Midland,Flint/Saginaw
Milan,Ann Arbor Area
Mio,Northern Michigan
Muskegon,Lakeshore
Morley,Grand Rapids Area
Mt.Clemens,Detroit Area
Novi,Detroit Area
Petoskey,Northern Michigan
Pinconning,Flint/Saginaw
Sault Ste. Marie,Northern Michigan
Southgate,Detroit Area
Shepherd,Flint/Saginaw
West Olive,Lakeshore
